position,target_token,kld_teacher_candidate,target_nll_teacher,target_nll_candidate,target_nll_delta,teacher_top1,candidate_top1,top1_equal,teacher_margin,teacher_top1_in_candidate_top5,teacher_top1_in_candidate_top10,top5_overlap,top10_overlap,centered_logit_rmse,centered_logit_cosine
0,24,0.0014393309144520704,0.04021564972346425,0.049631917208589726,0.009416267485125474,24,24,True,3.4442806243896484,True,True,1.0,1.0,0.3053407985847551,0.9876466008476454
1,22,0.03797229441185182,1.9179617584230222,1.9508106937082061,0.032848935285183956,21,24,False,0.19431304931640625,True,True,1.0,1.0,0.23650596058562734,0.9906344388252799
2,948,0.01562973510718249,3.190818926339663,3.317565534184162,0.12674660784449898,641,641,True,0.5555877685546875,True,True,1.0,1.0,0.2755541924285322,0.9933386688777207
3,18816,0.011291984389098824,11.222011965017202,10.85823986754384,-0.3637720974733618,551,551,True,1.7154216766357422,True,True,1.0,1.0,0.3247929300194695,0.9919042657425894
4,310,0.004175043790379477,0.06632647945511039,0.07723082284852012,0.010904343393409732,310,310,True,3.1426010131835938,True,True,0.8,1.0,0.3012939502497871,0.9923291219998869
5,1387,0.06931396973711457,4.914741651220524,5.762316027566303,0.8475743763457793,3165,3165,True,0.7061405181884766,True,True,1.0,0.8,0.3107614165995321,0.993496326937233
6,1083,0.05686070530507201,1.5103322274889948,1.9187750684949947,0.4084428410059999,279,279,True,0.3086662292480469,True,True,0.8,1.0,0.35015528441104915,0.9911640972919903
7,279,0.012147372388972556,0.2320112897511244,0.24106311144319292,0.009051821692068529,279,279,True,3.0687379837036133,True,True,1.0,0.7,0.3064967570374955,0.9930867030889353
8,4383,0.06249574848911701,2.1588342952375257,1.8460722034435832,-0.31276209179394243,4383,4383,True,0.6614017486572266,True,True,0.6,0.8,0.2931446758262483,0.9939148361363317
9,4797,0.02421753947293206,0.2664214348016287,0.22895918239687774,-0.037462252404750984,4797,4797,True,2.1624603271484375,True,True,1.0,0.9,0.35416976656758603,0.9916137025755966
10,641,0.021424862415165374,0.825315404928606,0.9152066022343135,0.0898911973057075,641,641,True,1.2554931640625,True,True,1.0,0.9,0.32259463948724526,0.9914205361035231
11,561,0.019957961213310407,2.723350079013798,2.6629740131593636,-0.06037606585443456,1216,1216,True,0.8177700042724609,True,True,1.0,0.9,0.385373997142281,0.9880844975522035
12,10490,0.053237413533182974,12.89698798297929,13.332342673892434,0.4353546909131438,4383,4383,True,1.823084831237793,True,True,1.0,1.0,0.3111393094702458,0.9928170465225067
13,5148,0.07287940346419727,3.2813777677109357,2.773182069963454,-0.5081956977474817,2243,2243,True,2.0998973846435547,True,True,0.8,0.9,0.3583214836782833,0.9909665350371728
14,995,0.013682995914658541,3.700000107065165,3.532925809544377,-0.16707429752078795,557,557,True,1.8755245208740234,True,True,1.0,0.9,0.2909224139595345,0.9935676924236532
15,264,0.051861755196100805,1.541100212023764,1.7954213911848917,0.25432117916112773,264,264,True,0.7321290969848633,True,True,1.0,0.9,0.36332552600941287,0.9902579339116772
16,67318,0.03361096635966843,9.41531675020942,9.70353995552994,0.28822320532052004,220,220,True,0.749882698059082,True,True,0.6,0.9,0.26380119927712187,0.9951862067851157
17,34444,0.05783558142201759,5.032597338812753,5.407668336420059,0.3750709976073061,15754,15754,True,0.5662069320678711,True,True,1.0,0.9,0.3526266358037317,0.9916687700308708
18,421,0.008947219541889045,3.3197504050247595,3.314922134710436,-0.004828270314323646,383,383,True,1.8192119598388672,True,True,1.0,0.8,0.33268004067314993,0.9905183455974549
19,557,0.03211135151517023,1.720870230310961,1.6618518910945177,-0.059018339216443394,557,557,True,0.9292354583740234,True,True,1.0,1.0,0.30094216616610336,0.9931229331864476
20,26193,0.042009446018236564,5.090988577750476,5.367820756995911,0.27683217924543513,777,524,False,0.13740158081054688,True,True,1.0,0.9,0.2938849132830349,0.993705999055849
21,539,0.000598621277522372,0.009471149548229363,0.0078093625723418825,-0.0016617869758874804,539,539,True,6.943874359130859,True,True,1.0,0.9,0.308740070326511,0.9916144467035047
22,12468,0.017369734219346386,4.099108727808513,4.165346436176176,0.0662377083676624,279,279,True,1.7939481735229492,True,True,0.8,0.8,0.33893096736788547,0.991062945189965
23,359,0.03427553886651393,0.14085103919913777,0.23972204637491856,0.09887100717578079,359,359,True,2.8188343048095703,True,True,0.8,1.0,0.30250348526510906,0.9914679811961759
24,82,0.0023639979828972654,0.018811563953466504,0.02812092351299711,0.009309359559530606,82,82,True,4.244474411010742,True,True,0.8,0.9,0.33119786237930937,0.991095127437214
25,33466,0.047059997308832945,12.335960216744027,11.963288347770483,-0.3726718689735442,6575,6575,True,0.5546054840087891,True,True,1.0,0.9,0.2993739477441896,0.9936890151051108
26,5600,0.028223519840667084,9.102588781330184,8.688694244704713,-0.41389453662547027,3039,3039,True,2.047879219055176,True,True,0.8,0.9,0.31362945489355315,0.9933096726986446
27,1365,0.12408385614531542,1.6703977268348353,1.2122721256559181,-0.4581256011789172,1365,1365,True,0.11432647705078125,True,True,1.0,1.0,0.40601644044086177,0.9874477291965073
28,4237,0.011554974150852316,13.326626585804963,13.404646876859537,0.07802029105457464,430,430,True,0.4943656921386719,True,True,1.0,0.9,0.3170560828343654,0.9910859088446029
29,364,0.02303317920827072,0.732456072986583,0.7227891814205805,-0.009666891566002533,364,364,True,1.9079627990722656,True,True,1.0,0.9,0.3087715338840797,0.9927082139380741
30,3679,0.08289117475340589,5.696820883598061,5.133686412773713,-0.5631344708243482,279,279,True,0.8441781997680664,True,True,0.8,0.9,0.3518448274041005,0.9906943123435417
31,77596,0.13967958956372983,5.835648333749514,6.129491953713789,0.29384361996427444,12069,12069,True,0.47764015197753906,True,True,0.6,0.9,0.3384249901684486,0.9918669217728533
32,82,0.014767233818333293,0.07012279440647262,0.11054648053274363,0.04042368612627101,82,82,True,4.637786865234375,True,True,1.0,0.9,0.3862862586117165,0.9896284552305978
33,641,0.030034540553614257,1.7204044629468846,1.7524333189361023,0.032028855989217675,321,2583,False,0.05975341796875,True,True,0.8,0.9,0.3179170502324486,0.9909717495235311
34,1253,0.025851733042049352,10.70193797127456,10.895670607272365,0.19373263599780444,695,695,True,0.497344970703125,True,True,1.0,1.0,0.3662506910212396,0.9885693627791263
35,32270,0.11084562477274199,0.3432856632223036,0.1544491719372374,-0.1888364912850662,32270,32270,True,1.7514457702636719,True,True,1.0,0.9,0.41831735794846053,0.9860627045870639
36,11230,0.04260870093612245,7.083703351327699,6.437472855479381,-0.646230495848318,321,321,True,0.38524723052978516,True,True,0.6,0.8,0.32278386756881206,0.9922590650404447
37,604,0.027917408308306378,5.838961648197499,6.1419525152188825,0.3029908670213839,321,321,True,0.4104795455932617,True,True,1.0,0.9,0.28716968339893284,0.9935737195807456
38,15049,0.1319156422696426,5.3795430554907,5.584849684791493,0.20530662930079302,13,13,True,1.4297609329223633,True,True,1.0,0.8,0.4500785976885814,0.9836307623757736
39,321,0.007809214895722587,0.11709348743837467,0.08865774367615131,-0.028435743762223353,321,321,True,2.675495147705078,True,True,1.0,0.8,0.2837594645026756,0.9930445723784769
40,23099,0.01976224243350697,6.251617121364376,6.057181362821378,-0.19443575854299766,3629,3629,True,0.06580066680908203,True,True,1.0,0.9,0.23873038070306915,0.9950135242901968
41,30078,0.04400502366294185,6.274397783094702,6.200439738748413,-0.0739580443462895,462,462,True,0.13137435913085938,True,True,0.8,0.8,0.3800104701741979,0.98825393235611
42,3738,0.04759335298974981,4.715364296786369,4.472622141579141,-0.2427421552072282,998,998,True,1.4255380630493164,True,True,0.8,0.9,0.3571216704754323,0.9904713641595142
43,3567,0.035048248305495855,4.156993143298916,4.476831661636801,0.31983851833788535,279,279,True,0.8111858367919922,True,True,1.0,0.9,0.3755620549029979,0.9895851195965889
44,29586,0.0016105790661865276,0.019651132107942004,0.018054560068662795,-0.0015965720392792093,29586,29586,True,6.551534652709961,True,True,0.8,0.8,0.42114318761170094,0.9860495838654014
45,310,0.057402660628164945,0.9205989335640474,1.0170806766666658,0.09648174310261837,310,310,True,0.9855117797851562,True,True,0.8,1.0,0.3488892263467332,0.9904297087418377
46,17297,0.028975743102063613,9.289685004090504,9.368856731494454,0.07917172740394918,279,279,True,1.5885906219482422,True,True,1.0,1.0,0.33179941326459733,0.9925242770218803
47,36435,0.19488723875599892,0.4714541249588322,1.0261927882291353,0.5547386632703031,36435,36435,True,2.541642189025879,True,True,0.8,0.8,0.4655352683590655,0.9851832460213998
48,2502,0.273374539171795,6.647195500176018,6.356694309115241,-0.2905011910607769,1116,1116,True,0.2435131072998047,True,True,0.6,0.8,0.675303199405674,0.9700149406040022
49,279,0.09411828596503832,1.6319997332184961,1.6359883300008278,0.003988596782331655,279,279,True,0.35697078704833984,True,True,1.0,0.9,0.4399284581531034,0.985727342072316
50,1179,0.034072253763754126,8.49787071430935,8.421113220008504,-0.07675749430084622,4383,4383,True,2.680400848388672,True,True,1.0,0.9,0.31076395849296734,0.9929681318708311
51,554,0.13159854459717965,0.6826920813401571,1.2387430845308103,0.5560510031906531,554,554,True,2.078023910522461,True,True,1.0,0.9,0.27269698470804904,0.9943156959355519
52,12,0.0018252605934436807,0.011800096864938325,0.015667574562986175,0.00386747769804785,12,12,True,6.562816619873047,True,True,0.8,0.9,0.35050735840223735,0.9876096949662069
53,31,0.0013462325157160468,0.012335067631109808,0.010796478657731257,-0.0015385889733785518,31,31,True,6.140634536743164,True,True,0.8,0.9,0.39213933802597434,0.9835765921394194
54,27968,0.0519209841949485,8.39540696375468,9.231714416472137,0.8363074527174561,7300,7300,True,0.9923362731933594,True,True,0.8,0.8,0.2980325197522832,0.9935469513796784
55,70,0.1640422054699349,0.25500363999889686,0.5901921911412025,0.3351885511423056,70,70,True,2.6485652923583984,True,True,0.6,0.9,0.4502692287795043,0.9845699034926871
56,2631,0.043844099304050296,0.05529074700153913,0.03884533439536497,-0.01644541260617416,2631,2631,True,2.9938011169433594,True,True,1.0,0.8,0.5329588196476814,0.9792387364295919
57,4383,0.12450611743308132,1.4363358208777441,1.3985492142282432,-0.03778660664950095,4383,4383,True,0.3105916976928711,True,True,1.0,0.7,0.4425076054542808,0.9857417371102439
58,13626,0.1679547939432964,0.6985410325472863,0.5403768344805613,-0.158164198066725,13626,13626,True,0.661529541015625,True,True,0.8,0.7,0.4309638577236219,0.9876818328784451
59,10471,0.03781837495998745,6.846179934375243,7.015504508533436,0.16932457415819258,557,557,True,1.3601713180541992,True,True,1.0,1.0,0.3465054949002917,0.9910107335431693
60,12468,0.032719684482374715,4.262542082510265,3.6308741411389356,-0.6316679413713295,279,279,True,0.9774971008300781,True,True,1.0,0.9,0.4057068805490837,0.9872071997495834
61,359,0.010263854238291863,0.13694641087076675,0.15775832033157045,0.02081190946080369,359,359,True,2.9664230346679688,True,True,1.0,0.9,0.36482315760016276,0.987841412304159
62,82,0.003032048369218196,0.0067159247785149034,0.013805145821731202,0.007089221043216298,82,82,True,5.731052398681641,True,True,0.8,0.7,0.40669757407872326,0.9861464872288642
63,5148,0.0938144400864047,1.9046185562875309,1.8690184491463206,-0.0356001071412102,5148,5148,True,0.45850563049316406,True,True,0.8,0.8,0.375242046372841,0.9902028058818543
64,364,0.035134308934671454,1.8478664106513776,2.027107593982155,0.17924118333077743,321,321,True,0.1191864013671875,True,True,1.0,1.0,0.32453132543536795,0.9918604737810932
65,393,0.0661221012574641,0.6975181904454928,0.530214576820164,-0.16730361362532875,393,393,True,1.716719627380371,True,True,1.0,0.9,0.32834097389744926,0.991655581384965
66,220,0.022203425133014716,1.537460185396288,1.888766569375413,0.35130638397912506,16,16,True,0.10231971740722656,True,True,0.8,1.0,0.2864215330125358,0.9909221834612068
67,17,0.0028826539614375496,1.6927956850530173,1.7674159553363857,0.07462027028336848,16,16,True,0.49277687072753906,True,True,1.0,1.0,0.29069993971452474,0.9885042783540215
68,20,0.013521492695875603,1.896810314045112,1.9980921904888973,0.10128187644378528,15,15,True,0.4739723205566406,True,True,1.0,1.0,0.28363733798191104,0.9919695978949888
69,15,0.05364699499807208,0.8185441887743288,0.94963423158665,0.13109004281232117,15,15,True,0.6641426086425781,True,True,1.0,1.0,0.2997703861742451,0.9920219250121547
70,554,0.01958360739494009,2.563049389793658,2.615729444500971,0.05268005470731296,11,11,True,1.7236995697021484,True,True,0.8,1.0,0.29287561602383155,0.9923843457483382
71,30095,0.0061074659792541754,11.709157012543361,11.943896452400569,0.2347394398572078,12,12,True,4.407017707824707,True,True,0.8,0.9,0.33587431457667366,0.9880476899428213
72,220,0.051255238957617355,3.848506874475895,3.942492421454709,0.09398554697881423,15,15,True,0.8601465225219727,True,True,1.0,0.9,0.3360374437253436,0.9891579897946016
73,15,0.013498317559195694,1.4576151953897174,1.3121347020147418,-0.1454804933749756,15,15,True,0.22267913818359375,True,True,1.0,0.9,0.32537565196186696,0.9888291393905073
74,15,0.012518646349836184,0.5474966485085666,0.485281698714914,-0.06221494979365261,15,15,True,1.2127876281738281,True,True,1.0,0.9,0.31433935179216366,0.9884029418307779
75,15,0.015090498048214775,0.17598864865313146,0.2422450213086016,0.06625637265547013,15,15,True,2.9245519638061523,True,True,0.8,1.0,0.34045832659015296,0.9880490593638518
76,1116,0.0202297346411949,2.649435048813185,2.548305788315492,-0.101129260497693,641,641,True,0.8290424346923828,True,True,0.8,1.0,0.3284764614503432,0.9901690403030641
77,680,0.024490801285302403,9.43059242504743,9.35396847085941,-0.07662395418801893,321,321,True,0.6483516693115234,True,True,0.8,0.9,0.3700277597183309,0.9893261827750119
78,65,0.013110830076403627,8.428212414792597,8.495542825722499,0.06733041092990177,314,314,True,4.255426406860352,True,True,1.0,0.9,0.36130641650601464,0.9899763087429163
79,25652,0.0339108145933675,0.02603078270367476,0.0904364763252623,0.06440569362158755,25652,25652,True,4.293241500854492,True,True,0.8,0.9,0.45795344377018127,0.9849773768800383
80,3679,0.03682626312764792,4.363751469726672,4.246830224052344,-0.11692124567432849,279,279,True,0.6640033721923828,True,True,1.0,0.9,0.3677021598396557,0.989379514147442
81,975,0.023780488651148193,0.5353487903337779,0.47590337943517014,-0.059445410898607776,975,975,True,2.850680351257324,True,True,0.8,0.9,0.3452125785631435,0.9911684710806294
82,5492,0.0942764456582449,4.3089035980222015,3.985227312494896,-0.32367628552730565,11998,11998,True,0.011096000671386719,True,True,0.6,0.8,0.35736717558281805,0.9908421906675504
83,12497,0.028743786974521984,9.794845691816082,9.908022482449734,0.11317679063365205,4948,4948,True,2.6999244689941406,True,True,0.8,0.9,0.353183444714573,0.9917309469525728
84,641,0.019956437809819427,0.8257026260584439,0.7765823141916748,-0.04912031186676913,641,641,True,1.1905879974365234,True,True,0.8,1.0,0.3291505544822815,0.990843899252556
85,17297,0.03243349673606335,2.2156311690648707,2.009043390102864,-0.20658777896200675,561,561,True,0.5769176483154297,True,True,0.8,1.0,0.4071705081078757,0.9872974830304446
86,36435,0.012963085303872567,0.06319292131403031,0.10558154700632372,0.0423886256922934,36435,36435,True,3.7521591186523438,True,True,1.0,1.0,0.42476834834254007,0.9853528814697242
87,67304,0.08440741273984671,9.664546906385738,9.22174831252395,-0.442798593861788,1179,1179,True,0.2551689147949219,True,True,0.8,0.9,0.4404678015362032,0.9863512837500056
88,279,0.021937418343363338,0.4554104734475395,0.5125211803223273,0.05711070687478781,279,279,True,2.2134952545166016,True,True,0.8,1.0,0.35958289173746816,0.990493949686174
89,393,0.04090848830660945,3.971903183687246,3.8581422024595504,-0.11376098122769562,4383,4383,True,1.2225914001464844,True,True,1.0,0.9,0.31364837969014353,0.9930118054318949
90,220,0.005301215427460924,0.17987798725048165,0.21502179326574833,0.035143806015266676,220,220,True,3.1763038635253906,True,True,1.0,1.0,0.2897943152986108,0.9897163219385493
91,16,0.001349748615652853,1.2357731421205855,1.2485637588340204,0.012790616713434844,16,16,True,0.40650367736816406,True,True,1.0,1.0,0.2670526587773589,0.9890869920571107
92,20,0.007452916907740032,1.946143933604418,1.94724774112791,0.0011038075234921507,15,15,True,0.5846538543701172,True,True,0.8,1.0,0.2553321824153389,0.9929908999664068
93,3410,0.011137065568144035,2.1322201703521735,2.034083758746128,-0.09813641160604547,15,15,True,1.5154781341552734,True,True,0.8,0.9,0.26227264232767894,0.9928239342072009
94,5492,0.03679568194651727,1.6239182303639161,1.515933573932145,-0.10798465643177124,7786,7786,True,0.36333179473876953,True,True,1.0,0.9,0.33765234423449786,0.9926136712043317
95,321,0.029794175649082773,2.1447691095624926,1.8584319966507117,-0.2863371129117809,1116,1116,True,0.12679481506347656,True,True,1.0,0.9,0.35859064566317506,0.9910467735748186
96,9919,0.031385640735663974,6.755750779425682,7.074306642273594,0.31855586284791215,279,279,True,0.3360128402709961,True,True,1.0,0.9,0.3068502215904372,0.9932726130215499
97,430,0.012562326895487764,0.14274962667008495,0.133816616831826,-0.008933009838258954,430,430,True,3.493814468383789,True,True,0.8,0.8,0.37674465260168183,0.9879253716699079
98,1141,0.01919563657355015,2.3293085355005623,2.256506523634716,-0.07280201186584634,279,279,True,1.2837657928466797,True,True,1.0,0.9,0.31845942015984136,0.9927782132874416
99,4634,0.05185649972080258,8.946111030881045,9.075666469013193,0.12955543813214732,1118,1118,True,0.5466089248657227,True,True,0.6,0.8,0.3114520570317463,0.9933778186402875
100,3567,0.027952818303740586,0.4352753075233373,0.3017296318881897,-0.13354567563514763,3567,3567,True,0.9768447875976562,True,True,0.8,0.8,0.4257625362723005,0.986652321251461
101,41646,0.02888185706507683,0.8688603167456961,0.8622860653853053,-0.006574251360390804,41646,41646,True,1.7007513046264648,True,True,1.0,0.8,0.3455376634837212,0.9922622411016997
102,641,0.007902330891666297,0.392930749140568,0.4075571824082047,0.014626433267636685,641,641,True,2.2320518493652344,True,True,1.0,0.9,0.3020964036732877,0.9921449181849719
103,3567,0.02400747513928184,4.228858743712838,3.5904939502421307,-0.6383647934707071,561,561,True,0.050029754638671875,True,True,1.0,0.9,0.37319201218235437,0.9893419350830122
104,29586,0.0016046112825888212,0.01760756057107926,0.015421295812608093,-0.002186264758471168,29586,29586,True,6.112321853637695,True,True,0.6,0.9,0.40850629808051914,0.9862358472666932
105,12495,0.03343080548723016,6.904932474838564,6.285401710736256,-0.6195307641023078,557,557,True,0.6890525817871094,True,True,1.0,0.8,0.29444099252463574,0.9934139361730986
106,47340,0.030843954986825368,14.442335237130823,13.586052514296256,-0.8562827228345675,279,279,True,0.8137626647949219,True,True,1.0,0.9,0.42050437372099075,0.9865356849037984
107,25852,0.08273439133683545,7.228152948102057,7.026476483687382,-0.20167646441467468,7300,7300,True,0.2865924835205078,True,True,0.8,0.8,0.3847043414138039,0.9893431072108405
108,7300,0.1062705398178991,2.0486699317998287,2.029305326976086,-0.01936460482374258,7300,359,False,0.15842437744140625,True,True,1.0,0.8,0.3833964954197407,0.9898413971346699
109,207520,0.0678453285480877,9.96609168465158,10.642849798117847,0.676758113466267,7967,7967,True,2.400350570678711,True,True,0.8,0.7,0.34956306277312066,0.9893137721959766
110,359,0.017344276292035617,0.31968737137361813,0.3224054236645344,0.002718052290916262,359,359,True,2.7982635498046875,True,True,0.8,0.9,0.3902031821749892,0.9873854136772
111,4383,0.05569178841806549,5.239392389430272,4.350585173097276,-0.8888072163329959,1118,1118,True,0.22501564025878906,True,True,1.0,0.8,0.35784166366274595,0.9908052040709365
112,16796,0.07369539162784025,0.6617394037619562,0.8305209200177615,0.1687815162558053,16796,16796,True,1.2468986511230469,True,True,0.8,0.8,0.4052003798710053,0.9892487591872566
113,2502,0.02090571552933112,4.102551201268653,4.244232147086194,0.14168094581754076,641,641,True,1.4193000793457031,True,True,1.0,0.9,0.3398702800502148,0.9908431364952228
114,5300,0.05420417817827846,13.355409323622624,14.2328803406042,0.8774710169815769,424,551,False,0.5394535064697266,True,True,0.8,0.9,0.4100603316866492,0.9872021642566241
115,290,0.07574634587391257,6.089491183404714,4.8760045144284305,-1.2134866689762838,554,554,True,1.0479364395141602,True,True,0.6,0.9,0.407505261960936,0.9881031549241287
116,1238,0.06623301915282116,8.351353946384421,8.27455745972452,-0.07679648665990157,539,539,True,1.7728958129882812,True,True,0.8,0.6,0.3927419168593721,0.9884070087185941
117,780,0.09161451549277873,2.2390526434694635,2.0116421094805794,-0.2274105339888841,279,279,True,0.7515373229980469,True,True,0.8,0.8,0.41389479616880576,0.9871985516854525
118,6635,0.06259176330750309,4.1395411145770495,4.2194400904721014,0.0798989758950519,220,220,True,0.9607305526733398,True,True,0.8,0.9,0.3005099039893406,0.9934389384271416
119,51362,0.10053237792596183,5.649033334262441,4.717157961523206,-0.9318753727392348,4383,4383,True,0.475982666015625,True,True,1.0,0.9,0.37012610204013197,0.9900812361776415
120,314,0.02604330455916697,1.265709297571835,1.1044363051601849,-0.16127299241165005,314,314,True,0.10886383056640625,True,True,0.8,1.0,0.29209794574090997,0.993020775578916
121,279,0.03404376371097652,3.273879370483561,3.36254327416337,0.0886639036798087,561,561,True,1.5790443420410156,True,True,0.8,0.9,0.2745077863993275,0.9937802072990518
122,17264,0.07604389314075398,4.657933860637026,4.197104832486799,-0.4608290281502274,220,220,True,1.7185335159301758,True,True,0.6,0.7,0.31764193564657295,0.9922564822478316
123,82,0.04309340622973948,1.3420294592401536,1.5858697790870302,0.2438403198468766,82,82,True,0.6487579345703125,True,True,1.0,0.9,0.3407985012015553,0.9912121236869361
124,29260,0.02794553629303033,8.03178609721233,8.038480483119383,0.006694385907053402,1116,1116,True,0.49712371826171875,True,True,1.0,1.0,0.30714091847085917,0.9927645015428008
125,729,0.1480214426978392,3.326602448487858,4.5887584320160055,1.2621559835281477,359,359,True,0.1909627914428711,True,True,0.8,0.8,0.6341114458371218,0.9717056215258487
126,321,0.02696539724634218,0.6397123528217534,0.6667371021066568,0.027024749284903393,321,321,True,1.8076591491699219,True,True,1.0,1.0,0.34607876262398146,0.9897316459973358
127,25274,0.03935293436108379,7.654874499568534,7.037823168255077,-0.6170513313134567,561,561,True,1.3548908233642578,True,True,0.8,0.7,0.29552590432498166,0.9929097989064699
128,10975,0.01872615078487819,0.0917953871549777,0.13920825237643442,0.04741286522145671,10975,10975,True,3.552938461303711,True,True,0.8,0.9,0.570379340024465,0.9772455862611427
129,1116,0.04191709194363221,1.0971018167185669,0.9814882355152683,-0.11561358120329857,641,641,True,0.13292503356933594,True,True,1.0,0.8,0.3940992873729082,0.9847832908895076
130,207520,0.10330993349449699,2.559997683425376,2.7970441157391583,0.23704643231378242,279,551,False,0.1133871078491211,True,True,1.0,1.0,0.3879517946483403,0.9875028647266653
131,557,0.03657326448721631,1.4247432518246121,1.4005446905681893,-0.024198561256422835,557,557,True,0.5402927398681641,True,True,1.0,0.9,0.34330075616192085,0.9908478797164706
132,1116,0.05349145889569736,8.076569805776444,8.123986029802694,0.04741622402625012,1048,1048,True,0.15624427795410156,True,True,0.8,0.9,0.31634766818968646,0.9927068912468169
133,35999,0.044956948497944224,8.852457889026415,8.806179264091668,-0.04627862493474666,303,303,True,1.4558782577514648,True,True,1.0,1.0,0.41180643084762286,0.9861522860133509
134,1116,0.010915071250724438,0.11264039040512941,0.16309674302198474,0.05045635261685533,1116,1116,True,2.3658447265625,True,True,0.8,0.9,0.3355778140561705,0.9905334683145037
135,1132,0.04743964488865945,4.6804805203244335,5.147117365755804,0.4666368454313705,524,524,True,0.7975759506225586,True,True,1.0,0.6,0.34231422483277524,0.9912987561902774
136,2574,0.07191957694667461,4.595706060139026,4.926164496002119,0.3304584358630933,264,264,True,0.42058467864990234,True,True,0.8,0.9,0.3333362345003369,0.9919265095007301
137,279,0.034537214937355114,1.9554652757031725,1.7271621572514348,-0.22830311845173767,264,264,True,1.3297805786132812,True,True,0.8,1.0,0.3451040059939812,0.9913936971024319
138,2531,0.06980653898061108,5.276299565837974,5.777544358345644,0.50124479250767,3364,3364,True,1.0552692413330078,True,True,0.8,0.9,0.34541414036495444,0.9915736492530736
139,1238,0.022707988761253475,4.613969074655017,4.7905334749595205,0.17656440030450327,314,314,True,2.5288658142089844,True,True,1.0,0.9,0.3502780537931703,0.990251671824346
140,220,0.0416868287947544,4.863475489973101,5.24462315633378,0.381147666360679,279,279,True,0.1808328628540039,True,True,0.8,0.9,0.4089455021520503,0.9877301955336212
141,17,0.02216088441385735,1.6456632008959815,1.700753055331564,0.05508985443558245,16,16,True,0.9120101928710938,True,True,0.8,1.0,0.3181627901325124,0.989578781985467
142,15,0.012666676195515033,0.5342828890222862,0.6212085946232371,0.08692570560095092,15,15,True,1.7846183776855469,True,True,1.0,1.0,0.3091717399245068,0.9913607064092523
143,3672,0.05871365093577437,6.862469960926475,6.285125493409748,-0.5773444675167276,15,1578,False,0.4480018615722656,True,True,0.8,0.9,0.4638753039751969,0.9837390726449463
144,998,0.033150327546728996,1.8482071297727103,1.8693001678928454,0.021093038120135077,995,995,True,0.6299285888671875,True,True,1.0,0.8,0.3316653835588597,0.9916296163003128
145,6306,0.04863534442116845,5.530510104866234,5.182145080228846,-0.3483650246373884,8632,8632,True,0.45656776428222656,True,True,0.6,1.0,0.3267867540672519,0.9923110240054844
146,321,0.03343133556844573,3.6013309631460153,3.652005220821522,0.050674257675506595,641,641,True,0.4236564636230469,True,True,1.0,0.9,0.32257617633137964,0.9921280841931607
147,3679,0.05354423008591403,6.261278838051236,5.8980252079413695,-0.3632536301098668,17030,17030,True,0.8113460540771484,True,True,1.0,0.9,0.3621502765135181,0.9901652007822852
148,328,0.04607101654840812,8.29901700861219,8.276753512252235,-0.022263496359954615,998,998,True,0.35975170135498047,True,True,1.0,0.9,0.3206285181040979,0.9927990187959402
149,357,0.06027075983074659,7.241552829822311,7.377093473310172,0.135540643487861,554,554,True,1.1208572387695312,True,True,1.0,0.8,0.317046633403596,0.9920059472353733
150,554,0.06852130850724931,2.3687127646287784,2.70625534471656,0.3375425800877814,554,641,False,0.12150096893310547,True,True,1.0,0.8,0.3206910271150769,0.9917671595677726
151,12,0.019932262831629594,0.15909300629474288,0.19950524202848996,0.04041223573374708,12,12,True,3.942275047302246,True,True,0.8,0.8,0.352547467590328,0.9848466142271578
152,31,0.003586063491066109,0.10313064574038577,0.10050051146012606,-0.0026301342802597105,31,31,True,2.752645492553711,True,True,0.8,0.8,0.38468478661796324,0.9819350224397465
153,1103,0.06483497183781599,7.738334184590112,7.1777572157271035,-0.5605769688630087,554,554,True,0.8586435317993164,True,True,1.0,0.8,0.3066548444561813,0.9925137949568422
154,328,0.12978050515510844,2.8724646369450433,2.075421198528094,-0.7970434384169494,314,314,True,1.3137969970703125,True,True,0.8,0.8,0.381148607875027,0.988466244528823
155,26469,0.10550534514700027,7.43883811721949,7.420295616437681,-0.018542500781808968,82,641,False,0.9149131774902344,True,True,0.8,1.0,0.33271905844149324,0.9916321686969539
156,6316,0.02274914727703356,6.625020242568326,6.664482177241965,0.03946193467363912,998,998,True,0.8685760498046875,True,True,1.0,1.0,0.2934843193566801,0.9932313814086569
157,1441,0.030043507940485374,0.5248429736046454,0.3851467703244751,-0.1396962032801703,1441,1441,True,0.9702491760253906,True,True,0.8,0.9,0.38220863345616746,0.9887464835479802
158,279,0.058868337179199384,1.2691754752364623,1.0046495020475348,-0.26452597318892757,641,279,False,0.05354499816894531,True,True,0.8,0.9,0.3834594865040221,0.9890404290383163
159,6429,0.14103923552604994,3.4369032777686463,3.8015738424605097,0.3646705646918633,2531,2531,True,0.04902076721191406,True,True,0.8,1.0,0.4307866627446309,0.9867322861246492
160,641,0.006237845218349586,0.5145725757727426,0.49912154891500293,-0.015451026857739691,641,641,True,0.9704132080078125,True,True,0.8,0.9,0.2923660437276963,0.9922964443084445
161,695,0.04109560597315548,1.2613187582150545,1.570695171005422,0.30937641279036754,695,695,True,0.7135438919067383,True,True,0.8,0.9,0.37858104889200894,0.9885131151559244
162,11156,0.06855823697010718,5.438448581621326,5.472728255047418,0.034279673426091506,12468,12468,True,0.051540374755859375,True,True,1.0,0.8,0.44669361836388133,0.9827364749255542
163,88,0.0009402197189911996,0.004600382842269823,0.003600664266606657,-0.0009997185756631666,88,88,True,6.8762922286987305,True,True,0.8,0.8,0.48320959427865084,0.9835552399929194
164,557,0.022551917048464227,2.1952191799278857,2.0597902587070642,-0.1354289212208215,359,359,True,0.4362983703613281,True,True,0.8,0.9,0.3125681151984185,0.9917879309280588
165,207520,0.06464553369833169,16.444743728409374,15.639090871397531,-0.8056528570118431,8950,8950,True,2.0129833221435547,True,True,1.0,0.8,0.3191295258560703,0.9926153521334358
166,359,0.017034556607674684,0.28933145892743894,0.3589340045443734,0.06960254561693446,359,359,True,2.037017822265625,True,True,1.0,0.9,0.37737122963015124,0.9872355960985264
167,1118,0.04549454769441999,2.696910532886168,2.308364520395216,-0.3885460124909521,82,82,True,2.0368337631225586,True,True,1.0,0.8,0.35641451535344193,0.9909111657947078
168,5576,0.09401858995489068,3.3659996507505667,2.4089014718166553,-0.9570981789339115,554,554,True,1.847869873046875,True,True,0.8,0.8,0.3611689772399788,0.990982199079928
169,364,0.08751139813714497,1.5667664758965216,1.9417900968891288,0.3750236209926072,364,11745,False,0.11897659301757812,True,True,0.6,0.9,0.36258470847961566,0.9913849653435786
170,279,0.033954119873183496,0.5109305551862384,0.43432530845934636,-0.07660524672689206,279,279,True,2.170699119567871,True,True,1.0,1.0,0.4137882006654969,0.9871148980167928
171,3364,0.02308858249073537,0.7669110516580773,0.9034532897067713,0.13654223804869403,3364,3364,True,0.4881439208984375,True,True,1.0,0.9,0.3533220672376689,0.99106802034202
172,314,0.038515170492065605,0.397949163436941,0.5412773563335485,0.14332819289660748,314,314,True,1.9092998504638672,True,True,0.8,0.9,0.33612213233404953,0.9897728259165991
173,79807,0.2525090497696776,0.8255637667293261,1.3065814940098193,0.4810177272804932,79807,17500,False,0.9008846282958984,True,True,0.8,0.6,0.38114061244730835,0.9873912545982201
174,1116,0.027234260879805634,1.904229897324683,1.8733575213567235,-0.030872375967959442,17500,17500,True,1.3167877197265625,True,True,0.8,0.9,0.35153983711673165,0.988389811039022
175,3384,0.02511598670727832,2.5313092844728473,2.664734368353532,0.13342508388068453,321,321,True,0.08619499206542969,True,True,0.8,1.0,0.37381362828189707,0.988693813802022
176,17297,0.038774635715009345,9.894322498511375,9.998729626217582,0.10440712770620664,551,551,True,0.9539861679077148,True,True,1.0,0.8,0.46471266029045377,0.9832345125834713
177,36435,0.027559375046353224,0.09656426793810269,0.16560760616144066,0.06904333822333797,36435,36435,True,3.9670772552490234,True,True,0.8,0.7,0.439757622589197,0.9841966813816316
178,995,0.0319805092704995,2.7157471638800104,2.7517607999347575,0.03601363605474717,557,557,True,0.4079313278198242,True,True,0.8,0.9,0.31915809722423805,0.9922276507815573
179,26928,0.030893390768825472,8.4002458676087,8.627240581058299,0.22699471344959932,2582,264,False,0.1059417724609375,True,True,0.8,1.0,0.3018939819952863,0.9931807447177429
180,279,0.032495475275943236,2.7909242408936628,2.9528931272161323,0.16196888632246953,1384,1384,True,1.4165973663330078,True,True,1.0,0.9,0.4336091397072267,0.9853322982710502
181,7300,0.10615759984687728,2.0724330537155673,1.7685539715293679,-0.3038790821861994,7300,7300,True,0.063568115234375,True,True,0.8,0.7,0.37213251437880895,0.9897593007240906
182,310,0.008118765895841179,0.11681948318990365,0.12841978762331152,0.011600304433407871,310,310,True,3.557422637939453,True,True,1.0,1.0,0.3441601044735811,0.9898416332542991
183,2814,0.0731852136616791,2.738280783707676,3.404733171398707,0.6664523876910309,1380,1380,True,0.28710365295410156,True,True,0.6,0.9,0.3490004528773504,0.9917337530439997
184,2577,0.03883311728008834,10.349890729589418,10.372859938923334,0.02296920933391533,975,975,True,0.35767173767089844,True,True,1.0,0.9,0.3434517707401726,0.9906415293367302
185,554,0.07438731582206688,3.4808210618548223,4.659233207788109,1.1784121459332866,2519,10853,False,0.19176006317138672,True,True,0.8,0.9,0.3482730305095553,0.9916505690858691
186,12,0.001454834692453477,0.006413147762486915,0.009202851272149815,0.0027897035096628997,12,12,True,6.935462951660156,True,True,0.8,1.0,0.380999737414215,0.9818813496553386
187,31,0.0007430575533870405,0.00873235621715196,0.008324623622304017,-0.00040773259484794266,31,31,True,6.430475234985352,True,True,0.8,0.9,0.39878656302698956,0.9813465186098603
188,3750,0.06878365302550932,8.376523574285578,8.959565955012298,0.5830423807267202,18973,18973,True,1.2742080688476562,True,True,0.8,0.8,0.3301557201816883,0.9919048130245965
189,18973,0.24147830092872025,2.1780162544198127,1.2346891428242266,-0.9433271115955861,554,18973,False,1.4855575561523438,True,True,1.0,0.8,0.3656804292830265,0.9898626620955201
190,2502,0.008347373011183478,4.507405428719572,4.709747002111655,0.2023415733920828,641,641,True,0.6652889251708984,True,True,1.0,1.0,0.27907683355715474,0.9929467765115555
191,28238,0.03863230546568762,9.214511037220056,9.663591782715748,0.4490807454956922,4611,4611,True,0.16601943969726562,True,True,1.0,1.0,0.4062565371990441,0.9874321499689936
192,1116,0.01941878397512969,0.4184170850512281,0.4277351515023611,0.009318066451132978,1116,1116,True,1.1323280334472656,True,True,0.8,0.9,0.41052692821094827,0.98719160032341
193,279,0.08980523561196548,1.6693098482969368,1.6589733636284336,-0.010336484668503232,279,279,True,0.6017723083496094,True,True,0.6,0.9,0.483353413380021,0.9820242911277799
194,13626,0.08982898041177709,2.9084877491085095,3.4338681112116696,0.5253803621031601,4383,4383,True,0.5198497772216797,True,True,0.6,0.9,0.33959084507876847,0.9913110802444659
195,11488,0.02509399608940192,4.079491502188944,4.284128460668114,0.20463695847917052,1048,557,False,0.06741142272949219,True,True,1.0,0.9,0.31818778252305263,0.9920439912587204
196,3679,0.04839901866845173,6.534714759922824,6.2779100742598075,-0.25680468566301684,421,421,True,1.5107784271240234,True,True,1.0,0.9,0.39209890670225267,0.9883197228248901
197,18973,0.10102307390960415,4.564701231908646,3.5554514368480348,-1.0092497950606116,975,975,True,0.06682395935058594,True,True,0.6,0.9,0.3359183198566862,0.9913292238581386
198,364,0.024113890238248913,1.8095580314623163,1.7412890603646645,-0.06826897109765184,852,852,True,0.5357093811035156,True,True,0.8,0.8,0.30422888435039985,0.9925302562235415
199,279,0.13158007919665654,1.3436951300169468,0.9216771577479541,-0.42201797226899274,20817,279,False,0.1746969223022461,True,True,1.0,0.9,0.38375057142896096,0.9879439822557483
200,3364,0.13116311625053287,1.2049948970093816,1.9435020849207412,0.7385071879113596,3364,3364,True,0.9910907745361328,True,True,1.0,0.9,0.4113448964616531,0.9871783903903937
201,314,0.0019843873847727213,0.04364930495175656,0.052568659925391614,0.008919354973635052,314,314,True,4.3360748291015625,True,True,1.0,0.8,0.3167180234768505,0.9897275699616086
202,79418,0.017130057323604793,1.2472680887239633,1.366571869187588,0.11930378046362478,35913,35913,True,0.6740455627441406,True,True,1.0,0.9,0.3999053376410738,0.9861311937244784
203,2980,0.010583529954115059,10.43206294236856,10.502091845220477,0.07002890285191654,1116,1116,True,0.01802825927734375,True,True,1.0,0.8,0.3653297634209411,0.9884399008518687
204,207520,0.09302156676711307,7.459633022023652,6.284878574254925,-1.174754447768727,279,279,True,0.2588062286376953,True,True,0.8,0.8,0.49247954565390595,0.9818611193498765
205,8632,0.051534423687049635,3.8284835630430756,3.937545132175348,0.1090615691322725,557,6426,False,0.05018043518066406,True,True,0.8,0.7,0.3389357094915032,0.9908077094261293
206,279,0.1073692763103105,1.8168140177499836,1.545208999718767,-0.2716050180312166,279,279,True,0.03173637390136719,True,True,0.8,0.8,0.492942147025064,0.9809321652156391
207,919,0.06199787101347484,2.797076510323368,2.901989672380207,0.10491316205683887,3364,3364,True,0.5754766464233398,True,True,0.8,0.9,0.3504608404209446,0.9910264997516784
208,310,0.01160820810492254,0.42055623235714634,0.3735666578288601,-0.046989574528286226,310,310,True,1.4283161163330078,True,True,1.0,1.0,0.32198482290704594,0.9906726838882431
209,417,0.20461480092986292,1.746649623337909,2.9916458108690662,1.2449961875311573,16434,16434,True,0.4437255859375,True,True,0.8,0.8,0.49882557906737757,0.9800748312943465
210,5830,0.36503622684142356,0.13243633320946913,0.7085770851913331,0.576140751981864,5830,5830,True,3.9060497283935547,True,True,0.6,0.7,0.5928457749767482,0.972146932124141
211,1973,0.019592024693161948,10.042850799807436,10.38084270937377,0.33799190956633396,641,641,True,2.501605987548828,True,True,0.8,0.8,0.379830626824007,0.986223356909204
212,17297,0.05618054440347455,14.324336058726686,14.101969961666928,-0.22236609705975852,866,866,True,0.7359619140625,True,True,1.0,1.0,0.349658682462865,0.9917649947480811
213,36435,0.06457272293811882,0.17688222658527053,0.3591907770501983,0.18230855046492778,36435,36435,True,3.434269905090332,True,True,0.8,0.9,0.48948541582229993,0.9802990214234137
214,359,0.04870664804014554,1.548081231791528,1.4940255345401177,-0.05405569725141035,359,359,True,0.7517528533935547,True,True,1.0,0.9,0.3441334856512619,0.9912906335285218
215,6337,0.05759280493809887,4.16105747836253,4.633490858659194,0.47243338029666404,14014,14014,True,0.599736213684082,True,True,0.6,0.9,0.3310402290984517,0.9924347038051168
216,641,0.011828670447999129,0.40916344141849237,0.39197279058238266,-0.01719065083610971,641,641,True,1.868185043334961,True,True,1.0,0.9,0.3622919288393341,0.9880462752042988
217,35109,0.0647303180959142,14.014130963514877,14.261108674895535,0.2469777113806586,695,695,True,0.4758443832397461,True,True,0.8,0.9,0.44224673499562794,0.9844086119547578
218,23009,0.1014606111694554,3.1585132056460026,4.086266422593155,0.9277532169471527,554,554,True,2.0799808502197266,True,True,0.8,1.0,0.3995959903158265,0.9885106321261721
219,3738,0.05257623884992921,0.9053827659962757,1.0796523819424202,0.17426961594614454,3738,3738,True,0.7880954742431641,True,True,0.8,0.9,0.3835216708356112,0.989285593009701
220,1925,0.005823583582412673,0.027454278095586204,0.03012040016572115,0.0026661220701349464,1925,1925,True,5.105213165283203,True,True,0.8,0.8,0.47385996923530355,0.9830153326837556
221,1881,0.015788928908943203,3.6012975284781987,4.196467563197846,0.5951700347196471,303,303,True,1.7240829467773438,True,True,1.0,0.8,0.3243564087739614,0.991254613138681
222,6443,0.05806713868681576,4.158599940135396,4.269682122291567,0.11108218215617072,220,220,True,1.7512187957763672,True,True,0.8,1.0,0.3394945443810697,0.990935665353799
223,220,0.01024172501593567,0.15474184497558596,0.10693005545706669,-0.047811789518519276,220,220,True,2.2755069732666016,True,True,0.8,0.9,0.31341658049635446,0.9911274653620773
224,16,0.012695329992736837,0.1930052641081872,0.12888284428827035,-0.06412241981991684,16,16,True,1.8183212280273438,True,True,1.0,1.0,0.2804454501594503,0.9890661685336262
225,24,0.0012246132346531212,0.0550965430905066,0.05622063125170129,0.0011240881611946918,24,24,True,4.752050399780273,True,True,0.8,1.0,0.3190757765227964,0.9900027818365957
226,24,0.0014955138092906594,0.016811463346211752,0.021876679980675107,0.005065216634463354,24,24,True,4.482137680053711,True,True,1.0,0.9,0.35223940438721374,0.9861346753214316
227,23,0.00903723594831632,0.9991518976438698,1.1376994669495382,0.13854756930566836,23,24,False,0.0006809234619140625,True,True,1.0,1.0,0.259276432903454,0.9895235003852302
228,321,0.004516565911778272,0.06327271266772527,0.056974280511060016,-0.006298432156665257,321,321,True,3.333160400390625,True,True,0.8,0.9,0.2983532842283458,0.9918881663976269
229,7165,0.02736980207883826,2.2136619164900964,2.4928196998538787,0.2791577833637824,5869,5869,True,0.42933082580566406,True,True,0.8,0.9,0.2689098401374749,0.99417707800259
230,220,0.0029387552066343463,0.03159907751798485,0.021000228002552745,-0.010598849515432107,220,220,True,3.6793594360351562,True,True,1.0,1.0,0.3422250886482447,0.988726222433318
231,16,0.01629831975940447,0.03023864656916686,0.07350035592816795,0.04326170935900109,16,16,True,3.525665283203125,True,True,1.0,1.0,0.3407640463731888,0.9855431092594873
232,24,0.0005609665723316215,0.0006478726801759649,0.0018747559365266397,0.0012268832563506749,24,24,True,9.060113906860352,True,True,1.0,1.0,0.3867937227407321,0.986790948372365
233,24,0.0006596647709228174,0.00034053250963950177,0.001477119165645746,0.0011365866560062443,24,24,True,9.341660499572754,True,True,0.8,1.0,0.34341579971458985,0.987560931484598
234,24,0.0016197342784010891,0.015553957093004556,0.023652114075009223,0.008098156982004667,24,24,True,4.263051986694336,True,True,1.0,0.9,0.28417515154577144,0.988552265890163
235,383,0.04265086960244293,4.7846861118529205,4.166694496609047,-0.6179916152438736,641,641,True,1.3289852142333984,True,True,0.8,1.0,0.3182476906845902,0.9904881445640903
236,4950,0.05028312425929663,7.65119267613499,7.79305424958585,0.1418615734508606,279,279,True,0.4878425598144531,True,True,0.8,1.0,0.32443307290195134,0.9922596668794013
237,267,0.23256343509780578,3.1416797723910292,3.633460643789718,0.49178087139868865,20113,20113,True,0.8965606689453125,True,True,0.8,0.8,0.4182568792125082,0.9879643902657279
238,1098,0.08630391061246905,0.4785712702941538,0.7870690959295388,0.30849782563538497,1098,1098,True,1.990133285522461,True,True,0.8,0.8,0.4447529914614105,0.9845643521375013
239,506,0.03920596593313401,2.7026506465411906,2.3516742808871953,-0.35097636565399526,303,303,True,2.2217464447021484,True,True,1.0,0.9,0.43512069970218,0.9852393547381418
240,279,0.07116522273385407,1.398701335740883,1.12137052893687,-0.277330806804013,279,279,True,2.3400983810424805,True,True,0.4,0.8,0.3009177260502005,0.9929480261455372
241,30641,0.08659706828441213,4.467799926290748,4.6577207580578985,0.18992083176715013,554,16728,False,0.8966045379638672,True,True,0.8,0.7,0.2861859782702035,0.9936430900728933
242,32118,0.08262411604960583,0.7685659805095852,0.5656730700342418,-0.2028929104753434,32118,32118,True,0.9383335113525391,True,True,0.8,0.7,0.4226744113802898,0.9877579323344444
243,13,0.02034173344680776,0.15382981980206978,0.21085343109523436,0.05702361129316458,13,13,True,2.1073684692382812,True,True,0.6,1.0,0.35544937310368185,0.9894292524818928
244,1142,0.07679630453459152,10.163163492281388,10.464351177525076,0.3011876852436881,13626,13626,True,0.1550769805908203,True,True,0.8,0.8,0.36848806072184065,0.9908656882612857
245,8911,0.10565479345248674,2.006343466163301,1.606369273728994,-0.399974192434307,554,8911,False,0.3521299362182617,True,True,0.6,0.7,0.4207249071540996,0.9868576565546667
246,303,0.016408490113363254,2.082936820190092,1.975277965036362,-0.10765885515372986,641,641,True,1.0593624114990234,True,True,1.0,1.0,0.3272842579074296,0.9915226806882572
247,88473,0.08783580170218579,2.3739016075531154,2.460501382338606,0.08659977478549052,9368,9368,True,1.211935043334961,True,True,0.8,0.8,0.30311767912849497,0.993072804759198
248,1140,0.4632733884590895,1.1176568829924243,0.3653969923277849,-0.7522598906646394,1140,1140,True,0.10837364196777344,True,True,0.8,0.6,0.6152053633801419,0.9716021691368837
249,1116,0.01278814238938997,0.6197252441203389,0.6364526650615261,0.016727420941187177,1116,1116,True,0.7189579010009766,True,True,1.0,1.0,0.3234993914535365,0.9912627300941483
250,6824,0.0425888736634184,0.8942971102311077,0.6855534806291601,-0.2087436296019476,6824,6824,True,0.35736656188964844,True,True,1.0,0.9,0.37828981918734217,0.9889171490916748
251,1116,0.006423563831417029,2.190006008348842,2.03615049117613,-0.15385551717271184,641,641,True,1.9940357208251953,True,True,1.0,0.9,0.2960303483476057,0.9917470408852318
252,321,0.026476400777316833,0.9163566472893514,0.9719311455834045,0.05557449829405314,321,321,True,1.1902332305908203,True,True,0.8,0.9,0.32993935856676876,0.9911785840213104
253,383,0.05444774476481578,3.6525593846894644,4.4454030363009345,0.7928436516114701,279,279,True,0.8961696624755859,True,True,0.8,1.0,0.37124484253149825,0.9900872280477984
254,3602,0.06262331834161657,2.0809393852113836,1.6526349853606241,-0.4283043998507594,279,3602,False,0.4433326721191406,True,True,1.0,1.0,0.35578112497860376,0.9906682321881431
255,303,0.041606530450901735,0.6401750366731562,0.7725891055688336,0.13241406889567742,303,303,True,0.8431968688964844,True,True,0.8,0.9,0.3846566084920613,0.9889159523984771
256,9368,0.0597899250599093,1.80996950570451,2.107777177239619,0.297807671535109,88473,88473,True,0.1202688217163086,True,True,0.8,0.9,0.29394447335274965,0.9930801954057887
257,11563,0.003673815920867208,0.01551732039021303,0.025533552814867022,0.010016232424653992,11563,11563,True,4.967562675476074,True,True,0.8,0.9,0.44379159890252173,0.9855187714724268
258,641,0.03058818288942211,0.7978150510633775,0.9773565500038082,0.1795414989404307,641,641,True,0.5874080657958984,True,True,0.6,0.9,0.3314083017296554,0.9914444182121694
259,207520,0.02398421950553099,7.182730039347227,7.524131476106952,0.3414014367597247,561,561,True,0.1324319839477539,True,True,0.8,0.8,0.37949018709308024,0.9890905346434168
260,359,0.029440380590622407,1.699252829700903,1.8349065240035358,0.13565369430263274,557,557,True,0.22117233276367188,True,True,0.8,0.9,0.3183017315839517,0.9917090271420109
261,23681,0.12367386642201843,13.5602606182916,13.519776510383291,-0.04048410790830914,82,1118,False,0.733546257019043,True,True,1.0,0.7,0.37290616915950764,0.9901697650192947
262,1647,0.07696947328932928,2.8359815009273888,2.3748005657831364,-0.4611809351442524,554,1647,False,0.16094589233398438,True,True,0.8,0.8,0.3839453409542587,0.9897007148066839
263,557,0.014016959781445612,2.128832508400187,1.8960721630882382,-0.23276034531194867,314,314,True,1.50909423828125,True,True,0.8,0.9,0.30567493481836316,0.9930786870910729
264,43472,0.09100633980108591,9.559195273337945,9.627224419521326,0.06802914618338107,30825,310,False,0.2521247863769531,True,True,1.0,0.9,0.33423905143496135,0.991335852763911
265,321,0.048159991724833914,0.9846974971561906,0.9003504331397778,-0.08434706401641279,321,321,True,0.8108844757080078,True,True,0.6,0.9,0.3672705824084123,0.990189417110798
266,22687,0.06557639852339316,5.539849391491451,5.3596639059782945,-0.1801854855131566,10419,10419,True,0.2514505386352539,True,True,0.8,0.9,0.30657504832218213,0.9933931472499525
267,2502,0.034170459620897035,1.7755038534303438,1.9193847471571708,0.143880893726827,1116,641,False,0.03808403015136719,True,True,1.0,0.9,0.3491963712272052,0.9910302168935067
268,551,0.019754742364653792,1.1194502543656064,1.1160328892034919,-0.0034173651621145495,551,551,True,0.5747919082641602,True,True,1.0,1.0,0.36723550893655377,0.9901401609057939
269,1801,0.029447060616777845,4.445587167016484,4.477729086547569,0.03214191953108525,1429,1429,True,0.6756305694580078,True,True,0.8,0.8,0.2566195886849377,0.9949727343503546
270,15895,0.08961336032877545,4.850604233687719,4.958644957377576,0.10804072368985729,279,279,True,0.4859771728515625,True,True,0.8,0.9,0.3458082923786506,0.9910851996560338
271,958,0.014971885495774478,0.09141576780914917,0.10034836801462177,0.008932600205472596,958,958,True,3.976797103881836,True,True,1.0,0.8,0.361487803463649,0.9912415559955619
272,314,0.0007684740144677707,0.006304716208003214,0.0043907422259152895,-0.0019139739820879242,314,314,True,5.269340515136719,True,True,1.0,0.9,0.28401764656814793,0.9910967419337331
273,1064,0.08257906493736936,7.030495492138407,6.9793388329950865,-0.05115665914332013,554,279,False,0.659571647644043,True,True,1.0,0.7,0.3093812047187093,0.9929403605544108
274,14518,0.14026342135256079,2.8406106327532505,3.004759299624837,0.16414866687158636,82,82,True,0.753082275390625,True,True,0.8,0.9,0.33644998751046484,0.9921605901401402
275,321,0.011125988222001186,1.0902646943431407,1.0164813743944237,-0.07378331994871701,321,321,True,0.10830497741699219,True,True,1.0,1.0,0.2848634761104463,0.992475150392069
276,6103,0.04646820147173841,3.3501552032549355,3.7864986948491755,0.4363434915942399,1248,1248,True,0.5947504043579102,True,True,0.8,0.9,0.27763437450124523,0.9944138672264108
277,61631,0.0635384134980235,1.9847724813216097,1.4969041234473295,-0.4878683578742802,554,554,True,0.4756031036376953,True,True,1.0,0.8,0.3527217866218302,0.9907421372715555
278,321,0.02660369876888497,2.8406527356355404,2.649615356023716,-0.19103737961182432,1116,1116,True,0.2563438415527344,True,True,1.0,0.9,0.2846215657453525,0.9926903258631294
279,15105,0.07012414509647265,2.6818062905842766,2.058914136353483,-0.6228921542307937,15105,15105,True,0.23082637786865234,True,True,0.8,0.8,0.305473402249569,0.9933039812549825
280,82,0.007419978155267355,0.08741383657450896,0.11161520634525957,0.024201369770750603,82,82,True,3.058643341064453,True,True,0.8,0.9,0.29393899501835763,0.9923121522857492
281,310,0.02518492783073386,1.3543129571391468,1.1937348203254103,-0.16057813681373645,310,310,True,0.01241302490234375,True,True,1.0,0.9,0.277840364029193,0.9925508688573337
282,6707,0.02045541026666415,6.822012288341963,6.699742062018309,-0.12227022632365347,1791,1791,True,1.2835807800292969,True,True,1.0,0.9,0.27757250286369756,0.9943387535904534
283,22770,0.029465881179823992,2.437487723255888,2.6261765920677504,0.18868886881186242,264,264,True,1.1859855651855469,True,True,1.0,1.0,0.3101406260594177,0.9931975944910728
284,641,0.01984769810464515,1.4616993958054216,1.6879217159151771,0.22622232010975551,321,321,True,0.8704814910888672,True,True,1.0,0.9,0.3141733542725993,0.9911791397206754
285,27969,0.023254526758538126,7.6541170754699515,6.647506622300121,-1.0066104531698308,561,561,True,0.012331962585449219,True,True,0.6,0.9,0.3946719390084842,0.9879782977302308
286,41183,0.018914472050063223,1.3289299682464488,1.1404603537227622,-0.1884696145236866,11890,11890,True,0.7931156158447266,True,True,1.0,0.9,0.4133017098643149,0.9847210948133039
287,40132,0.006455908308095061,1.5765261599846703,1.624411828178733,0.0478856681940627,5518,5518,True,1.291961669921875,True,True,0.8,0.9,0.3828694350394767,0.9870123961222077
288,73388,0.046061464149158966,9.518790709067453,9.636051492043947,0.11726078297649423,554,3629,False,0.32297706604003906,True,True,1.0,0.9,0.2992676910500438,0.9924497296135574
289,10607,0.09846393326174674,5.701481461410809,4.871684767106661,-0.8297966943041484,710,710,True,0.62847900390625,True,True,0.6,0.6,0.4941817855233782,0.9811558072697344
290,22057,0.057831284334034984,10.331422319158502,9.926984164569639,-0.40443815458886334,557,557,True,1.1638355255126953,True,True,0.8,0.8,0.35260800799824854,0.9904290305181497
291,290,0.006455031989345875,0.047374909987116354,0.0665857886649519,0.019210878677835552,290,290,True,3.744894027709961,True,True,1.0,0.7,0.3450805076267461,0.9877873279580024
292,207520,0.024060151391388236,3.882632548599087,3.789136412015818,-0.09349613658326916,411,411,True,0.4560394287109375,True,True,0.8,1.0,0.3863241333297379,0.9871347249567138
293,359,0.008629585193350347,0.0729896174431417,0.10857584949954813,0.03558623205640643,359,359,True,3.9149789810180664,True,True,1.0,0.9,0.3574953799629526,0.9881663933160375
294,1647,0.03884125060815347,0.83272082580066,0.9615793924252856,0.12885856662462558,1647,1647,True,1.3156051635742188,True,True,1.0,0.8,0.3435278965000598,0.9916860168772588
295,440,0.021884724097919226,0.7825677163713571,0.6586714341296265,-0.12389628224173066,440,440,True,0.1752758026123047,True,True,1.0,0.9,0.30811815215253446,0.9922522730905288
296,24832,0.06058904648944217,10.17562836986649,10.121310231205761,-0.05431813866072943,264,264,True,0.7477865219116211,True,True,0.8,0.7,0.2965146251339263,0.9935587295101808
297,6349,0.04667580543995393,8.155824114405746,7.4963497883384065,-0.6594743260673397,1116,321,False,0.04599475860595703,True,True,1.0,0.8,0.3491377279835424,0.9916134475537591
298,59467,0.22826968991039895,3.5436224226186503,3.57617862590957,0.03255620329091968,554,554,True,1.1924705505371094,True,True,0.4,0.7,0.4326711712080127,0.9872091263436211
299,310,0.007210773204436552,5.161595254910793,4.949449182401366,-0.21214607250942663,321,321,True,1.1828670501708984,True,True,1.0,1.0,0.2863673646881209,0.9927399650860849
300,12503,0.07078907149150854,3.9521139814556676,3.253089725336487,-0.6990242561191806,1791,1791,True,0.024221420288085938,True,True,0.8,0.7,0.3200400804251028,0.9922379427437803
301,440,0.04777098037396797,0.9845283479616711,1.2094018880622635,0.22487354010059235,440,440,True,0.5520992279052734,True,True,1.0,0.9,0.36289032323901504,0.989493021770862
302,279,0.09181510733005234,0.5385284172976128,0.39281634487487693,-0.14571207242273587,279,279,True,1.385049819946289,True,True,0.8,0.9,0.489083123308314,0.9811552610384747
303,79384,0.05814981780131911,5.909799918913212,5.6519506739479795,-0.2578492449652323,4383,4383,True,1.1513652801513672,True,True,0.8,0.9,0.37206878446403324,0.9897431088316342
304,383,0.05683469281111633,7.754714252400106,7.9880290247721035,0.2333147723719975,13861,20608,False,0.017279624938964844,True,True,1.0,0.9,0.35917278249274204,0.9910037193338429
305,554,0.04760130686235924,2.2779133826364024,3.002370740961368,0.7244573583249654,28301,28301,True,1.4042606353759766,True,True,1.0,1.0,0.3566029511687569,0.9895519344387911
306,12,0.0010268067633239408,0.005317476394573362,0.007898248824069753,0.002580772429496392,12,12,True,7.303670883178711,True,True,0.8,0.8,0.3873253391732372,0.981850337121294
307,31,0.0011031450406615263,0.013532134965071663,0.012333222655765752,-0.0011989123093059106,31,31,True,6.248327255249023,True,True,0.8,0.9,0.40842196801767316,0.9810542270370074
308,4034,0.07321532913333756,3.3254662863872397,2.8278371682914134,-0.49762911809582633,5918,5918,True,0.5485048294067383,True,True,0.8,1.0,0.39006886419023973,0.9883402998137765
309,4216,0.1250153102459595,4.903136276024679,5.153823878261928,0.2506876022372495,641,641,True,1.1161956787109375,True,True,0.8,0.8,0.4499041261312783,0.9844056549125663
310,641,0.01040815334641714,0.3736720411976471,0.35641618178142664,-0.01725585941622043,641,641,True,2.651121139526367,True,True,1.0,1.0,0.31239471011205194,0.991184260216251
311,11615,0.026809285653367165,6.299327750069995,6.1175167819916005,-0.1818109680783948,695,695,True,0.6808881759643555,True,True,0.8,1.0,0.37468774850701647,0.9893570548691292
312,15205,0.01395563093607775,7.4746471246584925,7.918557525300219,0.4439104006417267,279,279,True,1.8656959533691406,True,True,0.8,1.0,0.3781193507369734,0.9895556505528961
313,1116,0.0051485704367791795,0.5086820997573653,0.5246506128440629,0.015968513086697556,1116,1116,True,0.9280300140380859,True,True,1.0,0.9,0.31664334735395416,0.9925719397766795
314,207520,0.0793069585095661,2.39977714806221,2.813730671700778,0.4139535236385683,279,10607,False,0.5667018890380859,True,True,0.8,0.9,0.3695100330948407,0.9891842760577746
315,1801,0.03281835567903731,3.4164203108297464,3.4608901215583323,0.04446981072858591,359,359,True,0.24821090698242188,True,True,1.0,0.9,0.3134051330930501,0.9923134734266127
316,3679,0.03452770604698253,3.5307847894354687,2.9797244165908054,-0.5510603728446632,15895,15895,True,0.8166427612304688,True,True,0.8,0.9,0.3330150334307305,0.9917933932002726
317,4203,0.08960929591818839,1.4731114522798343,1.5233633874543564,0.05025193517452209,4203,4203,True,0.7106685638427734,True,True,0.8,0.9,0.3174633288622893,0.9930515195614437
318,421,0.008308846166916538,3.5763452242058413,3.6518555809439057,0.07551035673806439,310,310,True,2.5828189849853516,True,True,1.0,0.8,0.3222279567766497,0.9910235597153585
319,6348,0.034523859658371445,4.906201183287038,4.597857965838674,-0.308343217448364,998,998,True,0.4564495086669922,True,True,0.8,0.8,0.30784000002600803,0.9929116138923665
320,279,0.04685766089669028,0.4263671896838517,0.5476819438954124,0.12131475421156068,279,279,True,1.995457649230957,True,True,1.0,1.0,0.3622511161643595,0.9898929991843037
321,4383,0.012021296393525706,0.09673990795847587,0.06573144856443847,-0.031008459394037402,4383,4383,True,4.560357093811035,True,True,1.0,0.9,0.3002837539561578,0.993050203782849
322,264,0.030060021491376515,0.7386433066868463,0.9478225668289895,0.20917926014214316,264,264,True,0.5300178527832031,True,True,1.0,0.9,0.28275520978699903,0.9939832177372093
323,2599,0.037633084852399454,6.893234406505147,6.622086993205425,-0.2711474132997225,777,777,True,0.6129770278930664,True,True,0.8,0.9,0.28904074304486427,0.994289094138395
324,67318,0.08090797945833232,3.8633582688102877,3.7235028060725384,-0.1398554627377493,554,554,True,1.0492477416992188,True,True,1.0,0.6,0.3322997062253047,0.992431930388164
325,15754,0.05885206440422666,1.8045375165321111,1.6871379077608495,-0.11739960877126165,34444,34444,True,0.7056732177734375,True,True,1.0,0.9,0.35033722173705284,0.9913705675534961
326,1056,0.01368075502325415,3.381907913241161,3.4409291346672077,0.05902122142604682,641,641,True,0.40636444091796875,True,True,1.0,0.9,0.3540345657223438,0.9886873668531612
327,279,0.04134596109960959,0.8655244570258027,0.8785245557667949,0.013000098740992172,279,279,True,1.1055545806884766,True,True,0.6,0.8,0.36033580253483904,0.9901393492109665
328,5148,0.04244263403652316,2.809519640685693,3.0401038621371015,0.23058422145140867,3889,3889,True,1.0883655548095703,True,True,0.8,1.0,0.35123150787752117,0.9908455032372752
329,641,0.03237756667963187,2.318387246569106,2.30304863863039,-0.015338607938716109,11488,11488,True,0.5040855407714844,True,True,0.8,0.9,0.3318499118406778,0.9917616236167369
330,695,0.04601821792413057,1.2942473955059697,1.266827028771221,-0.02742036673474857,695,695,True,0.8857936859130859,True,True,0.8,0.8,0.41364506808490253,0.9868716215837512
331,43304,0.050330953884469704,8.681633454843137,8.658312639626772,-0.02332081521636553,561,561,True,1.6408843994140625,True,True,0.8,0.9,0.387100679279034,0.9877990300864207
332,303,0.011683232997941276,0.68986061914093,0.6842853261245949,-0.005575293016335081,303,303,True,0.6888904571533203,True,True,1.0,1.0,0.3016539269191541,0.9931767981025511
333,4634,0.07196150427519055,6.142297494189396,6.897293983612446,0.7549964894230499,220,220,True,0.9579296112060547,True,True,1.0,0.9,0.2976976852080147,0.9934728792880082
334,4994,0.0018642699974994294,0.11749741953245874,0.12089277492384554,0.0033953553913868006,4994,4994,True,2.844890594482422,True,True,0.8,0.9,0.3655772173269299,0.9898080116513837
335,383,0.021430881152908917,0.9262662026949506,1.1454101950568365,0.21914399236188586,383,303,False,0.21924972534179688,True,True,0.8,0.9,0.3060541151811097,0.9928284151924747
336,5930,0.028024235215584014,3.767399576956727,3.9142647715258896,0.14686519456916258,7165,7165,True,0.1849498748779297,True,True,1.0,0.9,0.3444522044155775,0.9915006511489148
337,220,0.0004998958540647868,0.007824289519053451,0.005785740790958727,-0.0020385487280947245,220,220,True,5.4187774658203125,True,True,0.8,0.8,0.3202700460300206,0.9903848521065075
338,16,0.0028536634716077834,0.8822785189558751,0.8056934521653218,-0.07658506679055321,16,16,True,0.05849456787109375,True,True,1.0,0.9,0.238036613899979,0.9917454613317254
339,22,0.006984330508506256,2.3956193624493665,2.512971411017876,0.11735204856850956,19,15,False,0.00185394287109375,True,True,0.8,1.0,0.26637613166944274,0.9915976070164139
340,1116,0.013677563715488637,0.46869216692597604,0.5931328215558977,0.12444065462992171,1116,1116,True,0.7103424072265625,True,True,1.0,0.9,0.306382473779231,0.9912265343168328
341,220,0.0025722081632498115,0.01776228014705339,0.023286163995532405,0.0055238838484790165,220,220,True,5.2009124755859375,True,True,1.0,0.8,0.39177050029458865,0.9862683084427633
342,16,0.0014887944554669284,0.0789792025381928,0.06462220426934806,-0.014356998268844734,16,16,True,2.503934860229492,True,True,0.8,1.0,0.31662395349575573,0.9855177382239589
343,24,0.0001658416951437097,0.0009838792881176062,0.0014397673142454437,0.0004558880261278375,24,24,True,7.822748184204102,True,True,1.0,0.9,0.3274207898748614,0.9894261629022889
344,24,5.08796215865022e-05,0.00032180206026311,0.0004831716977271583,0.0001613696374640483,24,24,True,9.177010536193848,True,True,0.8,0.8,0.4855416017224784,0.9716023731280361
345,24,0.0001518585411468926,0.010079677866333014,0.00961241147998848,-0.00046726638634453366,24,24,True,5.165830612182617,True,True,1.0,0.9,0.27871843363653426,0.9877871065305621
346,1116,0.0319503423938593,0.7602231018305581,0.7532761747037071,-0.006946927126850966,1116,1116,True,0.5405464172363281,True,True,1.0,1.0,0.29986014406985556,0.9917799995422036
347,3567,0.023721545606304927,0.7866932271995317,0.6078624409005826,-0.1788307862989491,3567,3567,True,0.3357524871826172,True,True,1.0,0.8,0.3793688835652245,0.9881103766787087
348,29586,0.0003606392044202938,0.003884891757031994,0.004703363110991177,0.0008184713539591826,29586,29586,True,6.789758682250977,True,True,1.0,0.8,0.44211177677854324,0.9849450990528057
349,557,0.02324452854333883,0.8416278207434083,0.7625624163330436,-0.07906540441036469,557,557,True,1.3928070068359375,True,True,1.0,0.9,0.3140337054591429,0.9925971891250042
350,38237,0.04943316149118038,9.584375998213655,9.082495740474407,-0.5018802577392485,264,264,True,0.08998584747314453,True,True,1.0,0.9,0.33888831550359216,0.9917713954375226
351,3816,0.09695866458443714,1.01772572012624,0.6795257645508315,-0.3381999555754085,3816,3816,True,1.4415855407714844,True,True,0.8,0.8,0.37388128937392284,0.9908631840235581
352,539,0.013975930320877409,0.38279657556529045,0.3403690383466085,-0.04242753721868198,539,539,True,2.457517623901367,True,True,1.0,0.9,0.3275072816154181,0.9917900460491144
353,21993,0.025005277234542198,0.8437565233841156,0.7226441220588526,-0.12111240132526291,21993,21993,True,0.6835403442382812,True,True,0.8,0.9,0.35217126833854784,0.9912243521002504
354,321,0.021229656762400746,1.0295751554042845,1.0122316398026925,-0.017343515601591974,321,321,True,0.8201332092285156,True,True,1.0,0.8,0.3301633391859653,0.9912833824854932
355,28917,0.03454470281617496,0.9962641186539507,1.1135773598431342,0.11731324118918351,28917,28917,True,1.253458023071289,True,True,1.0,1.0,0.35588309861427997,0.9913505107052967
356,2502,0.020348280041665365,2.4351329666742245,2.550944493232624,0.11581152655839944,25161,25161,True,0.5968589782714844,True,True,0.8,0.9,0.32804860210749903,0.9910649769992991
357,424,0.061541949833245846,0.8791644614637946,0.6654764393479979,-0.21368802211579663,424,424,True,0.901188850402832,True,True,0.8,0.9,0.40114315651126775,0.9881559517862466
358,557,0.014734770149803806,0.7214903456425965,0.6824501146080024,-0.039040231034594086,557,557,True,1.6944751739501953,True,True,1.0,0.9,0.2609654501219449,0.994747337159939
359,279,0.030916655428758006,1.9136911620108776,1.8030120221308863,-0.11067913987999134,279,279,True,0.0003147125244140625,True,True,0.8,0.9,0.3074763808558978,0.9931820613182785
360,1786,0.06823739343540415,3.9083023648401216,4.080032495889633,0.17173013104951096,1118,1118,True,1.042983055114746,True,True,0.8,0.9,0.33643862861830853,0.9915253761795182
361,554,0.06604333493881988,1.9968181840080987,2.5748703226422904,0.5780521386341917,46036,46036,True,0.7764739990234375,True,True,1.0,0.8,0.37852662443104473,0.9902757638931516
362,12,0.0019253088772311219,0.0073950245175744556,0.0120885401834947,0.004693515665920245,12,12,True,6.986122131347656,True,True,1.0,0.9,0.3964548048234879,0.9816832212888402
363,31,0.0006872429531704249,0.009883486612128678,0.008060758109035504,-0.001822728503093174,31,31,True,5.519220352172852,True,True,0.8,1.0,0.39548341488522754,0.9840570149087624
364,21250,0.07216588188337399,8.113706259343733,8.467478119347518,0.3537718600037856,4383,4383,True,0.28003883361816406,True,True,1.0,0.7,0.35059057891033,0.9914838328697801
365,3567,0.13212371629780664,4.9113589829823106,4.614367781011232,-0.2969912019710783,4383,4383,True,2.1962108612060547,True,True,1.0,0.8,0.362142741863777,0.9909809819213341
366,4383,0.10063016308805062,0.6073933528350857,0.4300310756158474,-0.17736227721923825,4383,4383,True,1.2002029418945312,True,True,1.0,0.9,0.41944593094350285,0.9875628780436359
367,314,0.00823306554236841,0.3126803327407117,0.28492601651099747,-0.02775431622971425,314,314,True,2.5549068450927734,True,True,1.0,0.9,0.3509557094263201,0.9909179286590738
368,279,0.0030451892780444926,0.5788505615156296,0.5970684368244434,0.018217875308813802,279,279,True,1.1029911041259766,True,True,1.0,0.8,0.36041255580462317,0.9894093955541164
369,1007,0.01053295933738503,0.3324372987297721,0.34731794599068877,0.014880647260916646,1007,1007,True,1.8274059295654297,True,True,1.0,0.8,0.3162390330750534,0.9924602029510532
370,321,0.0325285253484178,2.257062745048607,2.0613848813274345,-0.19567786372117268,641,641,True,0.9870586395263672,True,True,0.8,1.0,0.3302849690317769,0.9906097850072708
371,19344,0.03778204195969331,6.813143500987497,6.7900788304383894,-0.023064670549107547,279,279,True,0.39433860778808594,True,True,1.0,0.7,0.3148907718175793,0.9925977212390255
372,290,0.0010053392053201203,0.0240823720597092,0.025711120360178086,0.0016287483004688852,290,290,True,4.891044616699219,True,True,1.0,0.8,0.3608309249562898,0.989731160010666
373,888,0.02014617346061381,2.0141302026195795,1.806876509224356,-0.2072536933952236,393,393,True,1.5790386199951172,True,True,0.8,0.9,0.3807829507766665,0.9891269451004528
374,393,0.03547794871000556,0.35660567096985574,0.24561153280538406,-0.11099413816447168,393,393,True,1.4664268493652344,True,True,1.0,0.9,0.3225614154922619,0.99052753494819
375,220,0.0015324928477317172,0.0443671934376475,0.05338181822125421,0.009014624783606706,220,220,True,4.327690124511719,True,True,1.0,1.0,0.29271033018205095,0.990265079301562
376,18,0.002147726141816322,2.2256816977457063,2.1765680797665645,-0.04911361797914182,16,16,True,0.6126918792724609,True,True,1.0,1.0,0.2807773954205164,0.9882287195673523
377,20,0.005610416538545991,1.835071047939664,1.9422116676584729,0.10714061971880895,15,15,True,0.6563129425048828,True,True,0.8,1.0,0.2476020557114666,0.993479200632931
378,21,0.01989387057629859,3.8004140606984116,3.7902772639162343,-0.010136796782177271,15,15,True,0.4788227081298828,True,True,1.0,1.0,0.2566348335775916,0.9933004310682824
379,3410,0.022933188614250064,0.4304676207886615,0.29957649021676147,-0.13089113057190005,3410,3410,True,0.9133663177490234,True,True,1.0,0.8,0.2853443738876075,0.9923768061083743
380,14801,0.09536945920362457,1.5715365543350899,1.86301122279378,0.2914746684586902,303,303,True,0.3968086242675781,True,True,0.8,0.8,0.3573620936461928,0.990956273080035
381,641,0.016626011783127136,0.28558753773210555,0.30335355281804155,0.017766015085936004,641,641,True,2.7827415466308594,True,True,1.0,0.9,0.34208230309708587,0.9910729651826348
382,9988,0.02212106606949229,7.981300904512359,7.540858344839226,-0.4404425596731336,1049,1049,True,0.29050731658935547,True,True,1.0,0.9,0.36511960091420653,0.9896065123116043
383,382,0.006686169192606473,0.12021613295400257,0.13824121971434522,0.018025086760342646,382,382,True,3.1472740173339844,True,True,1.0,0.8,0.3454815974644716,0.9909514662490568
384,35172,0.04922285402343116,3.189655325119894,2.9020151653720205,-0.28764015974787327,1048,1048,True,0.6430377960205078,True,True,0.6,0.9,0.32991762238288846,0.9919562467357148
385,1379,0.02982375418647031,7.469108484852466,7.764777670781157,0.2956691859286913,279,279,True,1.572265625,True,True,1.0,0.9,0.3730934954213586,0.9885025355803222
386,13173,0.03270641340398087,4.41955657149181,4.53479067836804,0.1152341068762297,314,314,True,3.3442955017089844,True,True,0.8,1.0,0.3904340128122962,0.9882249135248545
387,314,0.0010635647819156443,0.015253960200208638,0.012254835489471816,-0.0029991247107368224,314,314,True,5.429830551147461,True,True,0.8,0.8,0.35844388426189466,0.9873864935112004
388,279,0.00785136237690572,0.04176509874017853,0.06241674772358863,0.020651648983410098,279,279,True,4.839346885681152,True,True,0.8,0.9,0.39956150873661617,0.9866048198504235
389,5492,0.005463239346349024,6.518398198334605,5.801301954150581,-0.7170962441840238,4383,4383,True,3.3546791076660156,True,True,0.8,0.8,0.32127847622564987,0.9922871396645317
390,1116,0.027305425636373927,0.9852838613303341,1.1059087507404186,0.12062488941008453,1116,1116,True,0.7554397583007812,True,True,0.8,1.0,0.38381909376768386,0.989156817367336
391,440,0.015092800573277469,4.867320755877348,5.03887222565908,0.17155146978173264,2583,2583,True,2.515684127807617,True,True,1.0,1.0,0.3620607060109243,0.9897534070555281
392,3820,0.07266168590239616,2.426905249365884,2.418059814243769,-0.00884543512211522,279,279,True,0.8443622589111328,True,True,1.0,0.8,0.385571267512841,0.9890396921822486
393,23877,0.0162576075209732,2.352477272249317,2.0919886104607706,-0.26048866178854624,6326,6326,True,1.2649116516113281,True,True,1.0,0.9,0.3021805918179917,0.9938433391437376
394,383,0.007307174040358358,0.03400057863362349,0.018511830816329677,-0.015488747817293813,383,383,True,3.8887977600097656,True,True,1.0,0.9,0.33566022239252474,0.9898035710679395
395,207520,0.03208350892183695,2.4531132153576998,2.958092982501004,0.5049797671433041,279,279,True,2.054279327392578,True,True,0.8,0.9,0.4001238737343527,0.9876968745068074
396,1116,0.012868072948116953,5.75628344633812,5.764872855439247,0.008589409101126932,359,359,True,4.106021881103516,True,True,1.0,0.9,0.3477268333676316,0.9887917240583949
397,11156,0.11602453412900811,2.6392705264302663,2.07220921069327,-0.5670613157369964,417,279,False,0.15372562408447266,True,True,0.8,0.8,0.5445572419486093,0.9773073042451459
398,88,9.881690620092862e-05,0.0006837733324687179,0.0004256082369131775,-0.00025816509555554035,88,88,True,8.647539138793945,True,True,1.0,0.8,0.4459782753227634,0.984184244490843
399,1116,0.031014095176832682,0.34523101681894985,0.4455030322876503,0.10027201546870046,1116,1116,True,1.466390609741211,True,True,1.0,0.8,0.3987724072528461,0.9833243320002083
400,321,0.046396464630147835,0.5080109749210102,0.34366551184463745,-0.16434546307637277,321,321,True,0.6045703887939453,True,True,0.8,0.8,0.5068315456844855,0.9786290130513513
401,12468,0.06159620654490925,7.085161929683007,5.761726562849248,-1.3234353668337597,417,417,True,1.548837661743164,True,True,1.0,0.8,0.4930241864197814,0.9810042567214468
402,2502,0.03243908568986299,3.4015766277524335,3.5385931264614676,0.1370164987090341,641,641,True,0.6805706024169922,True,True,1.0,0.9,0.3811235893188953,0.9871986475311169
403,18248,0.0349941912185565,7.725105762938814,8.058138817428283,0.3330330544894693,279,279,True,0.4748039245605469,True,True,0.8,0.8,0.39292867803391845,0.9888125332027686
404,10419,0.046067598612519196,1.8994394427614836,1.697885941335123,-0.20155350142636053,557,557,True,0.6618881225585938,True,True,1.0,0.9,0.32810463545443125,0.9923335416014482
405,383,0.011375171499431963,0.20367327660210677,0.2751013499974704,0.07142807339536361,383,383,True,2.782114028930664,True,True,0.8,0.9,0.3272467675785287,0.9906796170478179
406,279,0.022058824401184313,0.4538887018985953,0.4198142845691599,-0.03407441732943539,279,279,True,2.6604013442993164,True,True,1.0,0.8,0.3915061881268914,0.9887944265378985
407,68059,0.028252900801562293,11.402701609723536,11.53688107743774,0.13417946771420475,4383,4383,True,2.6903419494628906,True,True,1.0,0.8,0.30194006229682374,0.9935172502905009
408,314,0.0079611882222086,0.24464640482564093,0.24105959077561678,-0.0035868140500241452,314,314,True,1.97381591796875,True,True,1.0,1.0,0.3616520284484923,0.9901320191204943
409,279,0.022753738907469023,0.3775005219089458,0.3912647306241226,0.013764208715176807,279,279,True,2.1557435989379883,True,True,0.8,0.9,0.4248063306097137,0.9862780386928086
410,5587,0.07356377954555235,1.8495615061470936,2.1697700754867775,0.3202085693396839,5587,4383,False,0.11084651947021484,True,True,1.0,0.9,0.35568239361957193,0.9906509124935873
411,321,0.010747524204023437,0.39382836250927156,0.4404834606844652,0.04665509817519364,321,321,True,1.8614063262939453,True,True,0.8,0.9,0.3257775478563289,0.9910420546554626
412,6047,0.017083813257484853,9.547489500479116,9.508464639274305,-0.039024861204811856,279,279,True,1.9179611206054688,True,True,1.0,0.9,0.3419193922188528,0.9913107866820291
413,641,0.02411967683505724,0.850916295589748,0.6778246661421043,-0.17309162944764367,641,641,True,0.8044872283935547,True,True,1.0,0.9,0.3158269840116267,0.9914623088407241
414,17297,0.03308884577271077,8.068842724867658,7.731813253602294,-0.33702947126536387,695,695,True,0.2813425064086914,True,True,0.8,0.9,0.40710980926091694,0.9872332793240991
415,36435,0.02058935875464548,0.08719511507412747,0.15503023083350698,0.0678351157593795,36435,36435,True,3.4909706115722656,True,True,1.0,0.8,0.4075365791495574,0.9857357518670973
416,11291,0.05585450608130202,6.916720953309298,6.594106204646092,-0.32261474866320583,359,1048,False,0.09356117248535156,True,True,0.8,0.9,0.4141435120504351,0.9874689989301187
417,264,0.07720535305731313,1.001310064022718,1.0810630006801816,0.07975293665746364,264,264,True,0.42040443420410156,True,True,1.0,0.9,0.3643659549329974,0.9898629495501707
418,3478,0.09564969197396288,4.500307208365882,5.160865751650995,0.6605585432851129,491,4643,False,0.5100421905517578,True,True,0.6,0.9,0.3438379389048251,0.9921771820862272
419,4643,0.07791627356630286,1.9650281873464195,1.8680288358600556,-0.09699935148636385,4643,4643,True,0.6344776153564453,True,True,0.8,0.9,0.3707034712375346,0.9908206149429115
420,310,0.013019353004834713,0.4458502863805407,0.41394558210314614,-0.03190470427739456,310,310,True,1.780965805053711,True,True,1.0,0.9,0.3015965206960983,0.9923199735106432
421,5096,0.040446069716450685,4.836070530651607,5.129177027894585,0.2931064972429773,11587,11587,True,2.3591461181640625,True,True,0.8,1.0,0.290456450805297,0.9943066425890356
422,279,0.0509341074237827,0.9391333679686547,0.8931544147888282,-0.045978953179826476,279,279,True,0.9432106018066406,True,True,0.8,0.8,0.397522391596686,0.9892053466815988
423,4383,0.11360269411795129,0.9041343567965399,0.5104986221127099,-0.39363573468382995,4383,4383,True,1.644521713256836,True,True,1.0,0.8,0.3154288554006022,0.993038266709499
424,359,0.017852470165331202,0.31425396879146916,0.41813002997212934,0.10387606118066017,359,359,True,1.2011280059814453,True,True,0.8,0.9,0.30553265637488125,0.9920580729306486
425,82,0.013948888134254132,0.005091590313124783,0.027536073884782297,0.022444483571657514,82,82,True,5.459835052490234,True,True,0.8,0.8,0.39053926507210107,0.9888435695739367
426,16466,0.04847085067359301,7.643350055528515,7.777729325050718,0.1343792695222028,21838,21838,True,1.0371379852294922,True,True,0.6,0.8,0.3396083754147132,0.9922546743892454
427,314,0.003087970222508794,0.10222973325023688,0.10934229874238355,0.007112565492146672,314,314,True,2.6852684020996094,True,True,0.8,0.8,0.32945771661507084,0.9906215082960914
428,15350,0.039912757134525884,9.909097404778862,10.113440936940705,0.2043435321618432,2316,2316,True,0.9048347473144531,True,True,1.0,0.9,0.29744750800554476,0.9940122547389907
429,16808,0.06218087520078333,0.8002079550494656,0.9930539323217786,0.192845977272313,16808,16808,True,0.5294761657714844,True,True,0.8,0.8,0.3990472456500514,0.9891232363157347
430,2316,0.1675718995430029,5.120504270663766,5.502154394027929,0.3816501233641638,57584,57584,True,1.0914630889892578,True,True,1.0,0.9,0.4045488304488965,0.9887770741386404
431,2502,0.04935882364529479,1.6269480342046876,1.8312062002855782,0.20425816608089065,1116,1116,True,0.11994171142578125,True,True,1.0,0.9,0.3371449363265201,0.9901737024762691
432,506,0.04955749008955785,4.657885025914908,5.200749912757097,0.5428648868421888,279,279,True,0.5077495574951172,True,True,0.8,1.0,0.4061245134637544,0.987840394364444
433,279,0.02268947351298308,0.3641966439192963,0.34061759614825604,-0.02357904777104025,279,279,True,1.6739349365234375,True,True,0.8,0.9,0.36922048070237606,0.9903039017512832
434,220,0.08858856550144731,2.1177277792278666,2.3344461888431987,0.21671840961533206,854,854,True,0.8441791534423828,True,True,0.8,0.9,0.31478453009398555,0.9930530082549446
435,22,0.031967852889159376,2.9875848653166486,2.972395469740647,-0.01518939557600163,17,16,False,0.2965126037597656,True,True,1.0,1.0,0.3002927835651345,0.9899794206343288
436,17,0.012050672091066167,2.2865673567582974,2.308522900610498,0.021955543852200776,15,15,True,0.1643352508544922,True,True,0.8,1.0,0.2736000859558373,0.9929979884900361
437,302,0.020904358489411978,0.9748517320011203,1.0712122746539343,0.09636054265281402,554,554,True,0.15735816955566406,True,True,0.8,0.8,0.3506373517283809,0.9909618790090386
438,15350,0.07213247893887105,0.23602696633699694,0.4700460631521608,0.23401909681516386,15350,15350,True,1.9401512145996094,True,True,0.8,0.8,0.38536505882693317,0.989963702756477
439,21955,0.03336548377949557,0.0929871549122474,0.18518143183228375,0.09219427692003634,21955,21955,True,2.757434844970703,True,True,1.0,1.0,0.4252200852320728,0.9874004032324557
440,279,0.04777865981970691,5.263114678973107,5.18944541553541,-0.0736692634376972,1116,1116,True,0.20579910278320312,True,True,0.8,0.9,0.36838291119734734,0.9894398845815633
441,2614,0.0273564338986692,3.578171550735867,3.3757732906597724,-0.20239826007609452,4383,4383,True,2.7494029998779297,True,True,1.0,0.9,0.3569454311688215,0.9904156533130598
442,1007,0.017975406404464173,0.11487625965485293,0.14942047501670075,0.03454421536184782,1007,1007,True,4.306337356567383,True,True,1.0,0.9,0.40197829041751937,0.9880124937436399
443,1116,0.017702642612790274,0.26441060148021833,0.2296402128709829,-0.034770388609235425,1116,1116,True,1.8914642333984375,True,True,0.8,0.8,0.3794252026535825,0.9874903052859332
444,279,0.074792636207612,1.201698184069972,1.4448861822252965,0.24318799815532444,279,279,True,0.4329242706298828,True,True,0.8,0.9,0.4355984202361729,0.9854492843353921
445,4383,0.02595190011717429,0.5252024924411884,0.550384860532418,0.025182368091229534,4383,4383,True,2.2710819244384766,True,True,1.0,0.8,0.34850467364606474,0.991014959980651
446,2677,0.056256245347465816,1.7338564387936835,2.342005137721909,0.6081486989282254,557,557,True,0.8867874145507812,True,True,0.8,0.9,0.30551208383264294,0.9926176607719485
447,6886,0.018914681056940982,2.1297792022473345,2.1937163736958105,0.063937171448476,279,279,True,1.5429325103759766,True,True,0.8,1.0,0.38893947729875467,0.9896726817720818
448,23792,0.034289474145941023,0.32622067597185733,0.3575985347721975,0.031377858800340164,23792,23792,True,2.282106399536133,True,True,1.0,0.9,0.3788957409259547,0.9902544611291696
449,1116,0.01004588950208081,2.0806680550861074,1.996188778171316,-0.08447927691479151,641,641,True,0.6015834808349609,True,True,0.8,1.0,0.41117386244091,0.988117505063686
450,6886,0.024504527884506286,0.4300561036656454,0.3563799000859049,-0.07367620357974047,6886,6886,True,1.980072021484375,True,True,1.0,0.8,0.40096578291800145,0.9887561568362887
451,10247,0.08107932509540396,1.3599945257503663,1.2359538671301316,-0.12404065862023472,23940,23940,True,0.07723617553710938,True,True,1.0,0.9,0.4252907244079741,0.9881533579325609
452,1116,0.016693879354361993,0.4147996931942153,0.3893496750367973,-0.025450018157417986,1116,1116,True,1.608346939086914,True,True,0.8,0.9,0.426395854567517,0.9860464273844848
453,6886,0.04207746319029516,1.1521837320602053,1.6214346171801175,0.4692508851199122,321,321,True,0.7344436645507812,True,True,0.8,1.0,0.35302092142446273,0.9903717512097092
454,23940,0.08038150052410509,1.083396533049541,0.8387203054152508,-0.2446762276342902,23940,23940,True,0.183868408203125,True,True,0.8,0.8,0.43689617252458246,0.9874593699041111
455,318,0.04217849318960442,1.7276656433646735,1.9603740041823166,0.232708360817643,1116,1116,True,1.2281265258789062,True,True,1.0,1.0,0.3697800227511201,0.9890584795892501
456,364,0.06772873532298905,5.997118499822669,6.233500986800227,0.2363824869775577,11156,11156,True,1.250375747680664,True,True,1.0,0.8,0.44050462834557486,0.9851873082486612
457,11156,0.019718651366291088,0.1816761445031112,0.1716403405999003,-0.010035803903210905,11156,11156,True,3.2577781677246094,True,True,0.8,0.9,0.47262840123477606,0.9816452722072057
458,88,0.0001274593477447454,0.0007423835644679855,0.00045939233003267077,-0.0002829912344353147,88,88,True,8.788614273071289,True,True,0.8,0.9,0.4050733738737719,0.9855587141725045
459,847,0.03734591373904923,0.4031883376505476,0.5816088730082889,0.17842053535774127,847,847,True,1.4681243896484375,True,True,1.0,1.0,0.2839094780627469,0.9912958672036797
460,1116,0.014441864749910148,0.6714660816162485,0.8485250241053919,0.17705894248914333,1116,321,False,0.08585739135742188,True,True,1.0,0.8,0.3150493130630177,0.9899802257093401
461,6886,0.0015773938070282262,1.4116063090236857,1.3480883846836633,-0.06351792434002235,321,321,True,1.10906982421875,True,True,0.8,0.9,0.32621952139603616,0.9912150609916776
462,16722,0.03197750120880812,5.669908482318249,5.64116701284669,-0.028741469471558645,75750,75750,True,0.48998069763183594,True,True,0.8,0.8,0.44006527415625785,0.9872746059929088
463,13548,0.09254045801022256,0.8721738175613858,1.1088854555032448,0.236711637941859,13548,13548,True,0.7101154327392578,True,True,0.8,0.8,0.4534356360648809,0.9871826601179946
464,1315,0.0008772335215273638,0.002945205213428892,0.005239169089303886,0.0022939638758749936,1315,1315,True,6.832803726196289,True,True,0.8,0.7,0.5014047193047727,0.983634524615498
465,1116,0.01814848214547012,0.45961395570682484,0.5752439206019346,0.1156299648951098,1116,1116,True,1.1835041046142578,True,True,0.8,0.9,0.4195551089357253,0.9875225160498561
466,321,0.0020031999473400486,0.25892578673513356,0.2642111481688829,0.005285361433749358,321,321,True,1.3349456787109375,True,True,0.8,0.8,0.32047577425475776,0.991987591041995
467,6886,0.009908536294209297,0.24525191033418992,0.26916920851660464,0.023917298182414726,6886,6886,True,3.160733222961426,True,True,0.8,0.9,0.32899013047125764,0.992516368153239
468,27969,0.1198524342229774,4.064188124354359,3.4647261342218627,-0.5994619901324967,75750,16722,False,0.16564559936523438,True,True,0.8,0.8,0.4369531849906692,0.9874863684920384
469,41183,0.0008734750126157229,0.06536556016878592,0.0668148812692202,0.0014493211004342754,41183,41183,True,2.9684104919433594,True,True,1.0,0.8,0.45756888594540895,0.9842624012064992
470,5518,0.005440956472386379,0.015875966605843672,0.03103969933505013,0.015163732729206458,5518,5518,True,5.235813140869141,True,True,1.0,0.9,0.5235430803964851,0.9799036884829226
471,641,0.0059717879118298565,0.2253343179663787,0.24473128532721944,0.019396967360840733,641,641,True,2.649364471435547,True,True,1.0,0.9,0.4124686095017427,0.9865421307669853
472,1049,0.028591219403010997,2.7971419865277234,2.7217764002367737,-0.0753655862909497,695,695,True,1.2146015167236328,True,True,1.0,1.0,0.3737510410806593,0.9890198580197483
473,557,0.011752724017377744,0.8364850617161288,0.7972365272685202,-0.03924853444760856,557,557,True,1.0321731567382812,True,True,0.8,0.9,0.28488243421547405,0.9936262674892912
474,36695,0.017038701969579753,2.9544310113122414,2.693509481832347,-0.26092152947989433,279,279,True,0.5099763870239258,True,True,1.0,0.8,0.3185689175338415,0.9927846227682897
475,364,0.004247789566303892,0.032926853533915335,0.025224544941099936,-0.007702308592815399,364,364,True,4.428686141967773,True,True,0.8,0.9,0.34840991190338794,0.9901195779773528
476,321,0.022508079866495896,6.71498246699613,6.3140524716679,-0.40092999532823015,6886,6886,True,0.4259166717529297,True,True,0.8,1.0,0.3580279501911543,0.9913126187626365
477,2677,0.02218996666709442,0.12846651301931544,0.1961659227914332,0.06769940977211775,2677,2677,True,4.151675224304199,True,True,0.8,0.8,0.3882361122982931,0.9892966539441448
478,1599,0.02097732541208322,4.9583025429572665,5.306250884514384,0.3479483415571174,279,279,True,0.6533098220825195,True,True,1.0,1.0,0.3221359609892698,0.9928542944746709
479,975,0.01144429297915992,0.2840311478604889,0.3327876428741696,0.048756495013680734,975,975,True,2.2123947143554688,True,True,1.0,1.0,0.3563722426247055,0.991195441016249
480,21648,0.02399491949095116,0.7287961092283766,0.7447977220565924,0.016001612828215883,21648,21648,True,1.6831989288330078,True,True,1.0,0.9,0.3180464242451792,0.9932993081114518
481,321,0.025295706217967985,3.8604786054319433,3.895137966049223,0.03465936061727959,2583,2583,True,0.3688850402832031,True,True,1.0,1.0,0.29192535876745773,0.9924474316817871
482,46878,0.07714520278072033,6.0281088440352875,7.131045628925474,1.1029367848901863,557,557,True,1.5083084106445312,True,True,1.0,0.8,0.41367570175829765,0.9882639644006344
483,1116,0.024221268812313772,1.8340162907545405,1.672853950971831,-0.16116233978270955,641,641,True,0.9172992706298828,True,True,0.8,0.9,0.32209312991866484,0.990557528256241
484,14156,0.011211518281080732,10.589641085145619,10.313378342121752,-0.27626274302386733,2583,2583,True,3.1181602478027344,True,True,1.0,0.9,0.30522162206997133,0.9920338351580872
485,364,0.015324073258451877,1.3832820050435828,1.3466813404865974,-0.03660066455698541,303,303,True,0.3112335205078125,True,True,0.8,1.0,0.31963591825139004,0.9922297373262372
486,279,0.026553681138882016,2.1429112487925117,2.1561058303128213,0.013194581520309612,1141,1141,True,1.6560373306274414,True,True,1.0,0.9,0.4624602018275735,0.9844767127530637
487,4944,0.08764276804269859,6.2269306497268,5.7757964420670405,-0.4511342076597593,4383,4383,True,2.182588577270508,True,True,0.6,0.5,0.353642177045036,0.9907412932440057
488,1116,0.05323806762982195,3.459850832039727,3.6431216796010624,0.18327084756133516,314,321,False,0.5708751678466797,True,True,0.8,0.8,0.36384625644583646,0.9891900535344014
489,4237,0.05833863437800162,1.8873270402178157,2.2421060023725126,0.35477896215469684,4237,84021,False,0.6820449829101562,True,True,1.0,1.0,0.37260372699572003,0.9907844848809417
490,1116,0.025535905039107024,0.41363955680856535,0.4691413050919664,0.05550174828340104,1116,1116,True,1.2252311706542969,True,True,0.8,0.8,0.3200570721834917,0.992019422074291
491,321,0.047219930610007385,0.33036882657961897,0.4111049845939121,0.08073615801429312,321,321,True,2.3512344360351562,True,True,0.8,1.0,0.3630603480283805,0.9909574046946046
492,14912,0.06671690133512574,2.1952478727844564,2.599776073827652,0.4045282010431954,84021,84021,True,1.4615325927734375,True,True,0.8,0.8,0.3790931044907882,0.9904451265192519
493,641,0.016796748354051975,0.7678842849049268,0.7524063417964655,-0.01547794310846129,641,641,True,0.92144775390625,True,True,0.8,0.9,0.3436774522393492,0.9916571047724444
494,695,0.0361979166637338,0.8092916380529935,0.9913194267893459,0.1820277887363524,695,695,True,1.4084444046020508,True,True,1.0,0.9,0.39231699303495116,0.9877006011617268
495,283,0.05792573289454596,5.244588568797088,5.745894743682825,0.5013061748857375,561,561,True,0.4936561584472656,True,True,1.0,0.9,0.4046815969362422,0.9866369304944218
496,283,0.08403677261902412,4.458100492441076,5.449610960875624,0.9915104684345479,3567,3567,True,1.0477333068847656,True,True,0.8,0.9,0.3392841674952081,0.9895120859314489
497,25201,0.07226172387769304,12.727847029379642,12.655064270450687,-0.07278275892895536,283,283,True,1.4209117889404297,True,True,1.0,0.9,0.32005103678286273,0.9899186757248731
498,283,0.02264632519929387,1.879871073970957,1.8781975330492848,-0.0016735409216721564,20858,20858,True,0.4342670440673828,True,True,1.0,0.9,0.30571812199351467,0.9922283944370336
499,283,0.026841704069003557,1.8333646514037483,1.8115977874083313,-0.02176686399541694,695,695,True,0.8417387008666992,True,True,1.0,0.9,0.33267187234924084,0.9901909653602863
500,695,0.051639364222610215,1.2588420560398852,1.114887726838063,-0.14395432920182216,695,695,True,1.0855531692504883,True,True,1.0,0.9,0.3464447232210126,0.9901724808085549
501,79807,0.0790779033398724,0.9134380851846657,1.4035036496142546,0.4900655644295888,79807,79807,True,1.2865686416625977,True,True,0.8,1.0,0.3411886069856575,0.989920234158745
502,17500,0.010350127663373654,0.39929816415813235,0.4247008077455412,0.025402643587408846,17500,17500,True,1.6045551300048828,True,True,0.8,1.0,0.3377507111539073,0.9898281519312156
503,5429,0.0001519668937596097,0.0009376273246282096,0.0012482074267161636,0.00031058010208795395,5429,5429,True,8.332923889160156,True,True,0.8,0.9,0.4221994135734676,0.9863711256818797
504,369,0.010577059669341162,1.0276345446058848,0.9974636179537519,-0.030170926652132835,369,369,True,0.048076629638671875,True,True,1.0,1.0,0.30339874807108985,0.9917486252113319
505,264,0.010954586672395832,0.38078618043526546,0.4630280029872331,0.08224182255196766,264,264,True,1.1321182250976562,True,True,0.8,0.9,0.3343780850443356,0.9911101972250204
506,5956,0.08821912744528575,3.158374546796587,3.183690328363255,0.02531578156666825,220,220,True,1.8925046920776367,True,True,1.0,0.9,0.3399995595129087,0.9917692783944689
507,554,0.033638123209283305,0.221855013363232,0.2893763135972698,0.0675213002340378,554,554,True,2.420896530151367,True,True,0.8,0.9,0.3460903243981874,0.9895649857632489
508,12,0.002067764635819116,0.002611397547756411,0.006833217692761906,0.004221820145005495,12,12,True,7.755586624145508,True,True,1.0,0.8,0.44862349542553726,0.9784734506869558
509,31,0.0007266808574879625,0.00254472063308242,0.004034534673909462,0.0014898140408270422,31,31,True,7.186519622802734,True,True,1.0,0.8,0.5237356220037517,0.9770859225019601
510,19146,0.10281179179779905,2.591988775389474,2.0037017155974866,-0.5882870597919876,523,523,True,1.8514986038208008,True,True,0.8,0.8,0.3843864465135008,0.9898930316242134
511,12507,0.06165026173344663,1.5575512248152314,1.54758880130003,-0.00996242351520138,12507,12507,True,0.008199691772460938,True,True,1.0,0.8,0.38312200853216505,0.9894293835237159
